# slug	grade	title	url	note
# Grades: primary | peer-reviewed | preprint | company | survey | trade | vendor | unsourced
# GENERATED by tools/merge_refs.py from content/**/refs.tsv. Edit the fragments, not this file.
bes-5mcse2-preface	company	Espenak, F. and Meeus, J., Five Millennium Canon of Solar Eclipses, Second Edition, Preface (PDF)	https://eclipsewise.com/pubs/images/5MCSE2-Preface.pdf	Downloaded and read via pdftotext. History of canons: Mucke and Meeus 1983 with 10 774 eclipses on Newcomb and Brown, 5MCSE on Bureau des Longitudes theories in TDT.
bes-aravpanwar	company	aravpanwar, GitHub, besselian (solar eclipse local circumstances from NASA elements)	https://github.com/aravpanwar/besselian	Read README. Uses NASA elements with k1 = 0.272488 and k2 = 0.272281; states that mu is tabulated against TDT but is a Greenwich hour angle so ΔT must be subtracted; ΔT 76.0 versus 71.7 s shifts longitudes about 32 km for 2027; checks against NASA altitude and duration.
bes-bessel-history	survey	German Wikipedia, Besselsche Elemente	https://de.wikipedia.org/wiki/Besselsche_Elemente	Read. Publication history of Bessel's method: AN No. 50 (1824), AN No. 145 (1829) "Ueber die Vorausberechnung der Sternbedeckungen", Astronomische Untersuchungen vol. 2 (1842) "Analyse der Finsternisse". Bessel's originals not read.
bes-buchanan-1904	primary	Buchanan, R., The Mathematical Theory of Eclipses according to Chauvenet's Transformation of Bessel's Method (1904)	https://archive.org/details/mathematicaltheo00buchuoft	Read the preface in OCR text. Nautical Almanac Office eclipse computer restating Chauvenet's formulas in computing order. Used for the lineage claim that Chauvenet was the standard for both almanacs.
bes-celestialprogramming-gen	trade	Miller, G., Celestial Programming, Computing Besselian Element Polynomial Coefficients	https://celestialprogramming.com/eclipsesGeneratingBesselianElements/generatingBesselianPolynomials.html	Read. Step-by-step generator from apparent geocentric places with ds = 6.957e8 m / 6.3781e6 m, k = 0.2725076, five samples at -2..+2 h, Gauss-Jordan least squares, degrees per element.
bes-celestialprogramming-pred	trade	Miller, G., Celestial Programming, Solar Eclipse Predictions Using Besselian Elements	https://www.celestialprogramming.com/articles/eclipsePredictions/predictions.html	Read. Work-in-progress page pointing to the Explanatory Supplement and Meeus for local circumstances. No formulas extracted.
bes-chauvenet-1863	primary	Chauvenet, W., A Manual of Spherical and Practical Astronomy, Vol. I (1863), chapter on Eclipses, Arts. 288 to 296	https://archive.org/details/manualofspherica031436mbp	Read Arts. 288 to 291 and the cone-angle precepts in OCR text (garbled in places). Original almanac form of Bessel's method: point Z as the Sun seen from the Moon's centre, equations (482) for x y z, principal plane of reference, log k = 9.435000, c = z ± k/sin f, l = c tan f.
bes-eclipse-engine	company	RHerAle, GitHub, Eclipse-Engine (engine behind eclipseradar.com)	https://github.com/RHerAle/Eclipse-Engine	Read README. Elements in data/eclipses.json "fitted to the JPL DE440s ephemeris"; js/besselian.js for circumstances; fitting done in an unpublished Python chain.
bes-es1961	peer-reviewed	Explanatory Supplement to the Astronomical Ephemeris and the American Ephemeris and Nautical Almanac (1961), section 9B Eclipses and Transits	https://archive.org/stream/astronomicalalmanac1961/131221-explanatory-supplement-1961_djvu.txt	Read in full (OCR text). Definitive almanac formulation: fundamental plane, point Z, x y z, mu from ephemeris sidereal time, sin f1 sin f2 with tabulated numerators for k = 0.272274, 0.2724807, 0.272281 and 0.2724880, c1 c2 l1 l2, sign convention, observer coordinates, ephemeris meridian 1.002738 ΔT, worked example 1961 Feb 15.
bes-es1992	peer-reviewed	Seidelmann, P. K. (ed.), Explanatory Supplement to the Astronomical Almanac (1992), chapter 8 Eclipses of the Sun and Moon, sections 8.31 to 8.36	https://archive.org/stream/131123ExplanatorySupplementAstronomicalAlmanac/131123-explanatory-supplement-astronomical-almanac_djvu.txt	Read sections 8.31 to 8.333 in OCR text. Rotation-matrix form 8.322-3, unit vectors 8.322-5, mu = Greenwich apparent sidereal time minus a, cone equations 8.323-1 to 8.323-7, summary of elements 8.324, practical note 8.325, observer coordinates and flattening auxiliaries 8.331 to 8.333. Ellipsoid a = 6378.137 km, f = 1/298.257 from equation 3.244-1. Chapter author not shown in the scan.
bes-ew-2024-prime	company	Espenak, F., EclipseWise, Total Solar Eclipse of 2024 Apr 08 (prime page with Besselian elements)	https://eclipsewise.com/solar/SEprime/2001-2100/SE2024Apr08Tprime.html	Read. JPL DE405, ΔT = 71.5 s, k = 0.2725076 (penumbra) and 0.2722810 (umbra), t0 = 18:00 TD, UT1 = TD - ΔT, tan f1 = 0.0046683, tan f2 = 0.0046450.
bes-ew-beselm	company	Espenak, F., EclipseWise, Explanation of Besselian Elements for Solar Eclipses	https://eclipsewise.com/solar/SEhelp/SEbeselm.html	Read. Eight elements, axis conventions (east positive X, north positive Y), no perspective distortion, elements as an ephemeris valid about five hours reduced to polynomials.
bes-ew-de405	company	Espenak, F., EclipseWise, Solar Eclipse Predictions with JPL DE405	https://eclipsewise.com/solar/SEhelp/de405-predictions.html	Read. DE405 coverage 1599 to 2201, k = 0.272281 versus IAU 0.2725076, centre of mass without centre-of-figure correction.
bes-ew-radius	company	Espenak, F., EclipseWise, Solar Eclipse Predictions and the Mean Lunar Radius	https://www.eclipsewise.com/solar/SEhelp/SEradius.html	Read. Same content as the NASA mean lunar radius page with the three k values and their meaning.
bes-ew-ve82	company	Espenak, F., EclipseWise, Solar Eclipse Predictions with VSOP87 and ELP2000/82	https://eclipsewise.com/solar/SEhelp/ve82-predictions.html	Read. VSOP87 D mean equinox of date, ELP truncation, n-dot -26 arcsec/cy^2 (Morrison and Ward 1975), k = 0.272281, ΔT from Morrison and Stephenson 2004, centre of mass.
bes-gamma-wikipedia	survey	English Wikipedia, Gamma (eclipse)	https://en.wikipedia.org/wiki/Gamma_(eclipse)	Read. Definition, sign convention, thresholds 0.9677826, 0.9972, 1.0266174, 1.55, citing Meeus.
bes-jubier-2024	company	Jubier, X., Total Solar Eclipse of 2024 April 08 interactive map	http://xjubier.free.fr/en/site_pages/solar_eclipses/TSE_2024_GoogleMapFull.html	Not read. Live site refused connection; Wayback snapshot of 2025-12-30 is a JavaScript stub without the page text. Listed so the gap is visible.
bes-lasteclipse	unsourced	Pearson, B., lasteclipse.com, A guide to using Besselian Elements to Calculate Eclipse Paths	https://lasteclipse.com/besselian/	Read. Usage formulas: polynomials, z from the ellipsoid quadratic, L1 = l1 - zeta tan f1, mu_UT = mu_TT - ΔT x 0.004178074 deg/s, WGS-84 e^2 = 0.006694.
bes-libephemeris	company	g-battaglia, GitHub, libephemeris (Skyfield-based ephemeris library) README and algorithm-provenance document	https://github.com/g-battaglia/libephemeris	Read README and docs/methodology/algorithm-provenance.md. Eclipse searches "combine JPL states with published shadow-cone/Besselian geometry and public physical radii". Source file for eclipses not identified.
bes-meeus-1989	trade	Meeus, J., Elements of Solar Eclipses 1951-2200, Willmann-Bell (1989)	https://ui.adsabs.harvard.edu/abs/1989ese..book.....M/abstract	Not read. Description (570 eclipses, Bureau des Longitudes theories, formulas for local circumstances and path points) taken from the ADS abstract as reported in a search summary.
bes-meeus-aa	trade	Meeus, J., Astronomical Algorithms, 2nd ed., Willmann-Bell (1998), chapter 54 Eclipses	https://dl.acm.org/doi/10.5555/532892	Not read. Chapter 54 formulas quoted from open-source implementations that cite it.
bes-miller-5mcse-repo	company	Miller, G., GitHub, FiveMillenniumCanonOfSolarEclipses-Besselian-Elements	https://github.com/gmiller123456/FiveMillenniumCanonOfSolarEclipses-Besselian-Elements	Read README. Repackages the NASA CSV as JSON and JavaScript with NASA's attribution requirement.
bes-mucke-meeus-1983	primary	Mucke, H. and Meeus, J., Canon of Solar Eclipses -2003 to +2526, Astronomisches Buro, Vienna (1983)	https://aa.usno.navy.mil/faq/eclipse_ref	Not read. Content (Besselian elements and maps for 10 774 eclipses on Newcomb and Brown) taken from the 5MCSE second edition preface.
bes-nasa-1998-elements	primary	Espenak, F. and Anderson, J., NASA RP 1383, Total Solar Eclipse of 1998 February 26, Elements, Shadow Contacts, and Eclipse Path Tables	https://eclipse.gsfc.nasa.gov/SEpubs/19980226/text/elements.html	Read. Polynomial form a = a0 + a1 t + a2 t^2 + a3 t^3, t in decimal hours, least-squares fit to five times over six hours, DE200/LE200, TDT and UT.
bes-nasa-2024-elements	primary	Espenak, F., NASA GSFC, Besselian Elements for the Total Solar Eclipse of 2024 Apr 08	https://eclipse.gsfc.nasa.gov/SEbeselm/SEbeselm2001/SE2024Apr08Tbeselm.html	Read. Polynomial coefficients, t0 = 18:00 TDT, ΔT = 70.6 s, VSOP87/ELP2000-85, k1 = 0.272488, k2 = 0.272281, tan f1 = 0.0046683, tan f2 = 0.0046450, validity 15.00 to 21.00 TDT, least-squares fit to five samples over six hours, centre-of-mass statement.
bes-nasa-2024-sedata	primary	Espenak, F., NASA GSFC, Besselian Elements database page, Total Solar Eclipse of 2024 April 08	https://eclipse.gsfc.nasa.gov/SEsearch/SEdata.php?Ecl=20240408	Read. Same elements from the database with ΔT = 74.0 s and VSOP87/ELP2000-82 label. The page renders PHP errors in the third-order row.
bes-nasa-5mcse	primary	Espenak, F. and Meeus, J., NASA GSFC, Five Millennium Canon of Solar Eclipses (web edition index)	https://eclipse.gsfc.nasa.gov/SEpubs/5MCSE.html	Read. Ephemerides VSOP87 and ELP-2000/82, secular acceleration -25.858 arcsec/cy^2, link to the CSV of elements.
bes-nasa-beselm	primary	Espenak, F., NASA GSFC, Besselian Elements of Solar Eclipses (Five Millennium Canon explanation page)	https://eclipse.gsfc.nasa.gov/SEcat5/beselm.html	Read. Defines the eight elements and states x, y, L1, L2 are in units of the Earth's equatorial radius. No formulas.
bes-nasa-csv	primary	Espenak, F., NASA GSFC, Catalog of Solar Eclipse Besselian Elements in CSV format (Five Millennium Canon)	https://eclipse.gsfc.nasa.gov/eclipse_besselian_from_mysqldump2.csv	Downloaded and read (11 898 rows). Columns include dt, t0, x0..x3, y0..y3, d0..d2, mu0..mu2, l10..l12, l20..l22, tan_f1, tan_f2, tmin, tmax. Values for 2024 Apr 08 quoted in the note.
bes-nasa-deltat	primary	Espenak, F. and Meeus, J., NASA GSFC, Delta T (Five Millennium Canon)	https://eclipse.gsfc.nasa.gov/SEcat5/deltat.html	Read. ΔT = TD - UT, sources by era, needed to convert predictions from TD to UT.
bes-nasa-ephemeris	primary	Espenak, F. and Meeus, J., NASA GSFC, Solar and Lunar Ephemerides (Five Millennium Canon)	https://eclipse.gsfc.nasa.gov/SEcat5/ephemeris.html	Read. VSOP87 version D referred to mean equinox of date, ELP-2000/82 truncated at 0.0005 arcsec and 1 m, resulting lunar errors 0.0006 s in RA and 0.006 arcsec in Dec, contact-time error about 1/40 s, centre of mass used.
bes-nasa-explain	primary	Espenak, F., NASA GSFC, Explanation of Solar Eclipse Predictions (bulletin reference page)	https://eclipse.gsfc.nasa.gov/SEmono/reference/explain.html	Read. DE200/LE200, polynomial form, centre of mass with no centre-of-figure, limb or refraction corrections, TDT versus UT, path coordinate precision.
bes-nasa-glossary	primary	Espenak, F., NASA GSFC, Glossary of Solar Eclipse Terms	https://eclipse.gsfc.nasa.gov/SEhelp/SEglossary.html	Read. Definitions of Besselian elements, fundamental plane and gamma.
bes-nasa-radius	primary	Espenak, F., NASA GSFC, Mean Lunar Radius (reference page for the eclipse bulletins)	https://eclipse.gsfc.nasa.gov/SEmono/reference/radius.html	Read. History of k: 1968-1980 NAO two values 0.2724880 and 0.272281, IAU 1982 k = 0.2725076, Espenak's use of 0.272281 for umbral contacts, 1986 Oct 03 misclassification.
bes-nasa-tp2007	primary	Espenak, F. and Anderson, J., NASA/TP-2007-214149, Total Solar Eclipse of 2008 August 01, section 1 Eclipse Predictions	https://eclipse.gsfc.nasa.gov/SEpubs/20080801/section1.html	Read. DE200/LE200, k = 0.2725076 for penumbral contacts and 0.272281 for umbral, rationale, polynomial validity 7.0 to 13.0 TDT with t0 = 10.00 TDT.
bes-occult-tutorial	company	Preston, S., Occult v4 Overview (April 2019), tutorial PDF	https://occultations.org/documents/OccultTutorial.pdf	Downloaded and read via pdftotext. Mentions solar eclipses only in the feature list. No method, ephemeris or k statements.
bes-quaglia-2021	peer-reviewed	Quaglia, L., Irwin, J., Emmanouilidis, K., Pessi, A., Estimation of the Eclipse Solar Radius by Flash Spectrum Video Analysis, ApJS 256, 36 (2021), arXiv:2107.09416	https://arxiv.org/abs/2107.09416	Downloaded PDF and read the introduction and computational model sections. States 959.63 arcsec (Auwers 1891) is used in all published predictions, IAU 2015 nominal 959.23 arcsec, result 959.95 ± 0.05 arcsec; model uses DE430, LOLA SLDEM-256 and LDEM-128 in the ME frame, IAU 2006 Earth orientation, light time, deflection and planetary aberration, and no Besselian elements.
bes-skyfield-801	company	Rhodes, B., python-skyfield discussion 801, Finding lat/lon during an eclipse	https://github.com/skyfielders/python-skyfield/discussions/801	Read. Maintainer states Skyfield does not project the Moon's shadow cone and that doing so needs calculations beyond the current toolkit.
bes-solareclipses-auwers	trade	solareclipses.com, Arthur Auwers and the Solar Radius	https://solareclipses.com/pages/Auwers.html	Read. Narrative of the 1891 synthesis giving 959.63 arcsec and modern values near 959.90 to 959.97 arcsec. No eclipse formulas.
bes-solareclipses-formulas	trade	solareclipses.com, Calculating Besselian Elements (author not identified)	https://www.solareclipses.com/pages/besselian/besselian_elements_formulas.html	Read. Vector G, a, d, x y z, sin f1 sin f2, c1 c2 l1 l2, mu = a - GMST; constants a_e = 6378.1366 km, 959.95 arcsec, k = 0.272399309; apparent equatorial of date; 13 samples at 30 minutes. Its c2 formula omits z.
bes-soniakeys-meeus	company	Keys, S., GitHub, meeus/v3/eclipse/eclipse.go (Go implementation of Meeus, Astronomical Algorithms chapter 54)	https://github.com/soniakeys/meeus/blob/master/v3/eclipse/eclipse.go	Read. Code for P, Q, W, gamma, u and the thresholds 1.5433 + u, 0.9972, 1.026, 0.0047. Used as a proxy for the chapter 54 formulas, which were not read in the book.
bes-squarewidget	unsourced	Still, J., squarewidget.com, Calculate Future Solar Eclipses	https://squarewidget.com/calculate-future-solar-eclipses/	Read. C# rendering of Meeus chapter 54 with the gamma and u expressions and eclipse-type conditions.
bes-swisseph-doc	company	Swiss Ephemeris Programming Interface documentation, eclipse functions	https://www.astro.com/swisseph/swephprg.htm	Read the eclipse function descriptions. swe_sol_eclipse_where, _how, _when_glob, _when_loc; attr array meanings; note that umbral and penumbral limits are not implemented.
bes-swisseph-header	company	Swiss Ephemeris (Astrodienst), sweph.h constants	https://github.com/aloistr/swisseph/blob/master/sweph.h	Downloaded and read. AUNIT = 1.49597870700e11 m, EARTH_RADIUS = 6378136.6 m, EARTH_OBLATENESS = 1/298.25642.
bes-swisseph-swecl	company	Swiss Ephemeris (Astrodienst), swecl.c, functions eclipse_where() and eclipse_how()	https://github.com/aloistr/swisseph/blob/master/swecl.c	Downloaded and read (6428 lines). Constants DSUN, DMOON, DEARTH, the fundamental-plane vector computation with reversed f1/f2 naming, flattening applied by scaling z, classification tests, and the direct topocentric magnitude computation.
bes-umbra-rs	unsourced	RyuuNeko1107, GitHub, umbra-rs (experimental Rust eclipse engine)	https://github.com/RyuuNeko1107/umbra-rs	Read README. Milestone 1 in progress; states it must not be used. Design documents not read.
bes-usno-eclipse-computer	primary	USNO Astronomical Applications Department, Solar Eclipse Computer (data page and method note)	https://aa.usno.navy.mil/data/SolarEclipses	Read. Local circumstances by iterative topocentric positions, IAU radii Sun 696000 km and Moon 1737.4 km, no limb profile or centre-of-figure correction.
bes-usno-eclipse-ref	primary	USNO Astronomical Applications Department, Eclipse Reference List	https://aa.usno.navy.mil/faq/eclipse_ref	Read. Bibliographic entries for Espenak canons, Mucke and Meeus 1983, Explanatory Supplement 2012, Chauvenet (Dover 1960 reprint of 1868).
bes-usno-expsupp	primary	USNO Astronomical Applications Department, The Explanatory Supplement to the Astronomical Almanac (page describing the 2013 third edition)	https://aa.usno.navy.mil/publications/exp_supp	Read. States the third edition is a complete revision of 1992 and links errata. Used only for the status of chapter 11. The 2013 chapter itself was not read.
bes-usno-glossary	primary	USNO Astronomical Applications Department, Astronomical Almanac Glossary	https://aa.usno.navy.mil/faq/asa_glossary	Read. Definitions of Besselian elements, apparent place, geometric position, ΔT = TT - UT1, TT = TAI + 32.184 s, ephemeris hour angle.
bes-wikipedia-besselian	survey	English Wikipedia, Besselian elements	https://en.wikipedia.org/wiki/Besselian_elements	Read. General definition and references (Urban and Seidelmann 2013, Mucke and Meeus 1992, Chauvenet, Pearson). Used only to locate sources.
cat-arxiv-frequency-2026	preprint	The Frequency of Solar Eclipses for a Given Place: A New Approach to a Classic Question (arXiv:2602.04797)	https://arxiv.org/abs/2602.04797	Abstract read live 2026-09-15. Total eclipse once per 373 +- 7 years at a given place, annular once per 226 +- 4, partial once per 2.59 +- 0.02; enumeration method and ephemeris not stated in the abstract.
cat-astronomy-engine	company	Cross D., Astronomy Engine, source file source/c/astronomy.c (MIT)	https://github.com/cosinekitty/astronomy	Source read in full via the GitHub API (13,061 lines). Quoted functions: CalcShadow, Astronomy_SearchGlobalSolarEclipse, GeoidIntersect, EclipseKindFromUmbra with the 0.014 km bias, PruneLatitude 1.8 degrees, constants EARTH_MEAN_RADIUS_KM 6371.0, MOON_MEAN_RADIUS_KM 1737.4, MOON_POLAR_RADIUS_KM 1736.0. README read for the accuracy claim and VSOP87 statement.
cat-cjwinchester-almanac	unsourced	Winchester C., full-moons-solstices-equinoxes-eclipses (Python, Skyfield DE440, NASA 5MCSE for solar eclipses)	https://github.com/cjwinchester/full-moons-solstices-equinoxes-eclipses	README read via the GitHub API. Solar eclipses are copied from the NASA ASCII catalog, not computed.
cat-eclipsewise-5mcse2	company	Espenak F., Five Millennium Canon of Solar Eclipses, second edition sales page	https://eclipsewise.com/pubs/5MCSE2.html	Read live 2026-09-15. Two volumes, -1999 to 0 and 1 to 3000; no technical changes listed.
cat-eclipsewise-catalog	company	Espenak F., EclipseWise Six Millennium Catalog of Solar Eclipses -2999 to +3000	https://eclipsewise.com/solar/SEcatalog/SEcatalog.html	Read live 2026-09-15. 14,261 eclipses: 5,042 P, 4,761 A, 3,820 T, 638 H. Ephemeris, Delta T and k not stated on the page.
cat-eclipsewise-catkey	company	Espenak F., EclipseWise Key to Catalog of Solar Eclipses	https://eclipsewise.com/solar/SEhelp/SEcatkey.html	Read live 2026-09-15. Same columns as NASA plus a Delta T Sigma column; type codes identical.
cat-eclipsewise-deltatpoly2014	company	Espenak F., EclipseWise Polynomial Expressions for Delta T (updated 2020 Jan 27)	https://eclipsewise.com/help/deltatpoly2014.html	Read live 2026-09-15. Revised polynomials with a 2015 to 3000 extrapolation replacing NASA's 2005 to 2050 and 2050 to 2150 expressions.
cat-eclipsewise-periodicity	company	Espenak F., EclipseWise Periodicity of Solar Eclipses	https://eclipsewise.com/solar/SEhelp/SEperiodicity.html	Read live 2026-09-15. Same content as the NASA periodicity page with the Inex given as 10,571.9509 days.
cat-eclipsewise-saros	company	Espenak F., EclipseWise Eclipses and the Saros	https://eclipsewise.com/solar/SEhelp/SEsaros.html	Read live 2026-09-15. States the odd Saros number ascending node, even descending node rule and about forty series in progress.
cat-erikbern-eclipse-finder	unsourced	Bernhardsson E., eclipse-finder (Python, astropy, Modal)	https://github.com/erikbern/eclipse-finder	README read via the GitHub API. Brute-force astropy separation search for 2020 to 2030; evidence that astropy has no built-in eclipse finder.
cat-espenak-meeus-2006-canon	primary	Espenak F., Meeus J. (2006) Five Millennium Canon of Solar Eclipses: -1999 to +3000, NASA/TP-2006-214141	https://eclipse.gsfc.nasa.gov/5MCSE/5MCSE-Text11.pdf	Read in full as PDF text (2,625 lines). Sections 1.3 to 1.6 give ephemerides, secular acceleration, k values and the map-accuracy statement with the reference-gore example for -1996 Oct 04. Note the Text10 link on the NASA publication page returns 404, Text11 is the live file.
cat-espenak-meeus-2009-catalog	primary	Espenak F., Meeus J. (2009) Five Millennium Catalog of Solar Eclipses: -1999 to +3000 (Revised), NASA/TP-2009-214174	https://eclipse.gsfc.nasa.gov/5MCSE/TP2009-214174.pdf	Read in full as PDF text (20,579 lines). The main method source: column definitions (1.2), VSOP87D and truncated ELP-2000/82 (1.3), n-dot -25.858 and correction c (1.4), k = 0.2724880 and 0.272281 (1.5), Delta T polynomials (2.7), uncertainty (2.8), statistics (3), Saros and Inex (5).
cat-gmiller-besselian	company	Miller G., FiveMillenniumCanonOfSolarEclipses-Besselian-Elements (GitHub mirror of the NASA CSV as CSV, JSON, JavaScript)	https://github.com/gmiller123456/FiveMillenniumCanonOfSolarEclipses-Besselian-Elements	Read live 2026-09-15. Redistribution of NASA data with the NASA permission text; no processing documented.
cat-hmnao-portal	primary	HM Nautical Almanac Office, Eclipse Portal (Eclipses Online)	https://astro.ukho.gov.uk/eclipse/	Not read: HTTP 503 on every attempt and no archive snapshot retrievable. Search-summary provenance only for the 1501 to 2100 span, 1,421 solar eclipses and the Astronomical Almanac software statement.
cat-imcce-canons	primary	IMCCE and Observatoire de Paris, Les canons d'eclipses de Soleil	https://media4.obspm.fr/public/ressources_lu/pages_visibilite-eclipses-soleil/stlp-canons-eclipses-soleil.html	Read live 2026-09-15. Describes Oppolzer 1887 (8,000 eclipses, -1207 to 2161), Mucke and Meeus 1983 (-2003 to 2526) and the IMCCE canon (-2999 to 3000).
cat-imcce-parametres	primary	IMCCE and Observatoire de Paris, Le canon de l'IMCCE : les parametres physiques	https://media4.obspm.fr/public/ressources_lu/pages_visibilite-eclipses-soleil/stlp-canon-imcce-parametres.html	Read live 2026-09-15 via curl. Solar semidiameter 15'59.63", k = 0.2725076, equatorial radius 6,378,140 m, e^2 = 0.00669438, 1/f = 298.257.
cat-imcce-resultats	primary	IMCCE and Observatoire de Paris, Le canon de l'IMCCE : les resultats	https://media4.obspm.fr/public/ressources_lu/pages_visibilite-eclipses-soleil/stlp-canon-imcce-resultats.html	Read live 2026-09-15. 14,155 solar eclipses over 6,000 years; the per-type table did not render in the fetched page.
cat-imcce-ssp-forms	primary	IMCCE, Solar eclipses online calculation service (ssp.imcce.fr)	https://ssp.imcce.fr/forms/solar-eclipses	Page body not readable (JavaScript application). Described only from search summaries: general and local circumstances with per-eclipse pages. Ephemeris version not established.
cat-imcce-theories	primary	IMCCE and Observatoire de Paris, Le canon de l'IMCCE : les theories utilisees	https://media4.obspm.fr/public/ressources_lu/pages_visibilite-eclipses-soleil/stlp-canon-imcce-theories.html	Read live 2026-09-15. ELP2000, VSOP82, SLP98 Chebyshev ephemerides, Stephenson 1984 TT-UT adapted to the lunar theory, Lieske 1977 precession, Wahr 1981 nutation, Aoki 1992 sidereal time.
cat-jubier-5mcse	company	Jubier X., Five Millennium Canon of Solar Eclipses Database, interactive maps	http://xjubier.free.fr/en/site_pages/solar_eclipses/5MCSE/xSE_Five_Millennium_Canon.html	Read 2026-09-15 by direct HTTP curl (the HTTPS fetch is refused). Header text read: data from NASA TP-2006-214141, on-the-fly Google Maps and kmz for 11,898 eclipses, Saros filter -13 to 194, Delta T warning; the interactive part needs JavaScript.
cat-libnova-headers	company	libnova, src/libnova header directory (GitHub mirror)	https://github.com/JohannesBuchner/libnova/tree/master/src/libnova	Directory listed via the GitHub API on 2026-09-15: 36 headers, none for eclipses, and a code search for "eclipse" in the repository returned zero results. Negative finding.
cat-meeus-1989-elements	trade	Meeus J. (1989) Elements of Solar Eclipses 1951-2200, Willmann-Bell	https://www.projectpluto.com/books.htm	Not read. Described from bookseller and search summaries and from Meeus 1991's own reference: Besselian elements for 570 eclipses with formulas for local circumstances, central line and limits.
cat-meeus-1991-aa	trade	Meeus J. (1991) Astronomical Algorithms, first edition, Willmann-Bell, Chapter 52 Eclipses	https://archive.org/details/astronomicalalgorithmsjeanmeeus1991	Read from the Internet Archive OCR text (chapter 52 in the 1991 edition, chapter 54 in the 1998 edition). Source of the |sin F| > 0.36 rule, the corrections to the time of maximum, P, Q, W, gamma, u, the thresholds 0.9972, 1.0260, 1.5433, 0.0047, 0.00464, the partial-magnitude formula and the stated accuracy of 0.36 min mean and 1.1 min maximum for 1951 to 2050. Graded trade as a recognised practitioner's own algorithm text.
cat-morrison-stephenson-2004	peer-reviewed	Morrison L. V., Stephenson F. R. (2004) Historical values of the Earth's clock error Delta T and the calculation of eclipses, J. Hist. Astron. 35, 327-336	https://ui.adsabs.harvard.edu/abs/2004JHA....35..327M	Not read directly (ADS returned 405). Its Delta T spline table, standard errors and sigma = 0.8 t^2 rule were read as reproduced in NASA/TP-2009-214174 Sections 2.6 and 2.8 and on the NASA deltat2004 page.
cat-mucke-meeus-1983	trade	Mucke H., Meeus J. (1983) Canon of Solar Eclipses -2003 to +2526, Astronomisches Buero, Vienna	https://www.projectpluto.com/books.htm	Not read. Described from NASA/TP-2009-214174 Section 1 and the IMCCE canon page: Besselian elements and maps for 10,774 eclipses, day-side orthographic projection.
cat-nasa-5mcse-page	primary	NASA GSFC, Five Millennium Canon of Solar Eclipses publication page	https://eclipse.gsfc.nasa.gov/SEpubs/5MCSE.html	Read live 2026-09-15. Download links for text and twelve map PDFs, ASCII catalog and Besselian CSV.
cat-nasa-5mkse-ascii	primary	NASA GSFC, Five Millennium Catalog of Solar Eclipses, ASCII table 5MKSEcatalog.txt (2008 Oct 07)	https://eclipse.gsfc.nasa.gov/5MCSE/5MKSEcatalog.txt	Downloaded (1.38 MB, 11,908 lines) and parsed: all 11,898 rows, type counts 4200/3956/3173/569, type-code tallies, per-century counts, gamma ranges per class, and the Kluepfel Saros formula and the Meeus chapter 54 method were verified against it.
cat-nasa-5mkse-page	primary	NASA GSFC, Five Millennium Catalog of Solar Eclipses publication page	https://eclipse.gsfc.nasa.gov/SEpubs/5MKSE.html	Read live 2026-09-15. Download link for TP2009-214174.pdf and the ASCII catalog; restates ephemeris, n-dot and Delta T regimes.
cat-nasa-beselm	primary	NASA GSFC, Besselian Elements of Solar Eclipses, explanatory page	https://eclipse.gsfc.nasa.gov/SEcat5/beselm.html	Read live 2026-09-15. Defines the eight elements and links the CSV; gives no formulas for circumstances.
cat-nasa-besselian-csv	primary	NASA GSFC, Besselian elements for all 11,898 eclipses of the Five Millennium Canon, CSV export	https://eclipse.gsfc.nasa.gov/eclipse_besselian_from_mysqldump2.csv	Downloaded (5.95 MB, 11,899 lines). Header read: catalog columns plus t0, cubic x and y, quadratic d, mu, l1, l2, tan f1, tan f2, tmin -3 to tmax +3 h, and six undocumented trailing columns PNS, UNS, NCN, nSer, nSeq, nJLE.
cat-nasa-catalog-index	primary	NASA GSFC, Five Millennium Catalog of Solar Eclipses, century table index	https://eclipse.gsfc.nasa.gov/SEcat5/catalog.html	Read live 2026-09-15. Lists the 50 century tables from -1999 to +3000 and the credit line for reproduction.
cat-nasa-deltat	primary	NASA GSFC, Delta T explanatory page	https://eclipse.gsfc.nasa.gov/SEhelp/deltaT.html	Read live 2026-09-15. Definition, the Morrison and Stephenson values with longitude shifts (71.6 degrees at -500), recent values 1970 to 2007.
cat-nasa-deltat2004	primary	NASA GSFC, Historical Values of Delta T (Morrison and Stephenson 2004 summary)	https://eclipse.gsfc.nasa.gov/SEhelp/deltat2004.html	Read live 2026-09-15. Summary of the 2004 paper: data, cubic splines -500 to +1950, standard errors, citation.
cat-nasa-deltatpoly	primary	NASA GSFC, Polynomial Expressions for Delta T (2004 model used by the Five Millennium Canon)	https://eclipse.gsfc.nasa.gov/SEhelp/deltatpoly2004.html	Read live 2026-09-15. Twelve polynomials from -1999 to +3000, the -26 arcsec/cy^2 assumption and the correction c = -0.000012932 (y-1955)^2.
cat-nasa-glossary	primary	NASA GSFC, Glossary of Solar Eclipse Terms	https://eclipse.gsfc.nasa.gov/SEhelp/SEglossary.html	Read live 2026-09-15. Definitions of gamma, greatest eclipse, magnitude, obscuration, umbra, antumbra, penumbra, central and non-central, hybrid.
cat-nasa-panorama	primary	NASA GSFC, Saros-Inex Panorama (Luca Quaglia and John Tilley)	https://eclipse.gsfc.nasa.gov/SEsaros/SEpanorama.html	Read live 2026-09-15. Excel panorama of 61,775 solar eclipses from -11000 to +15000, 911 Saros columns, computed with Solex.
cat-nasa-saroscat	primary	NASA GSFC, Catalog of Solar Eclipse Saros Series 0 to 180	https://eclipse.gsfc.nasa.gov/SEsaros/SEsaroscat.html	Read live 2026-09-15. Per-series counts (69 to 86 eclipses), spans, first eclipse -2955 May 23 for series 0, last 4004 May 02 for series 180.
cat-nasa-secatalog	primary	NASA GSFC, Five Millennium Catalog of Solar Eclipses, web index and statistics page	https://eclipse.gsfc.nasa.gov/SEcat5/SEcatalog.html	Read live 2026-09-15. Gives the ephemeris statement, the Delta T regimes, type statistics with percentages, central versus non-central counts and eclipses-per-year distribution.
cat-nasa-secatkey	primary	NASA GSFC, Key to Catalog of Solar Eclipses	https://eclipse.gsfc.nasa.gov/SEcat5/SEcatkey.html	Read live 2026-09-15. Column definitions and the two-character eclipse type codes m, n, s, +, -, 2, 3, b, e.
cat-nasa-sedata-2024	primary	NASA GSFC, Besselian Elements for the Total Solar Eclipse of 2024 April 08	https://eclipse.gsfc.nasa.gov/SEsearch/SEdata.php?Ecl=20240408	Read live 2026-09-15. Example of the per-eclipse polynomial element format with t0, coefficients, tan f1, tan f2, gamma, magnitude, Saros, Delta T and the VSOP87/ELP2000-82 statement.
cat-nasa-seperiodicity	primary	NASA GSFC, Periodicity of Solar Eclipses	https://eclipse.gsfc.nasa.gov/SEsaros/SEperiodicity.html	Read live 2026-09-15. Ecliptic limits 15.39 to 18.59 degrees, 34.5-day eclipse season, 173.3-day node interval, t = a i + b s relation, 39 active series in 2008, 204 series in the catalog.
cat-nasa-sesaros	primary	NASA GSFC, Eclipses and the Saros	https://eclipse.gsfc.nasa.gov/SEsaros/SEsaros.html	Read live 2026-09-15. Saros and Inex lengths, month values, series lifetimes, van den Bergh's matrix.
cat-nasa-sescatkey	primary	NASA GSFC, Key to Catalog of Solar Eclipse Saros Series	https://eclipse.gsfc.nasa.gov/SEsaros/SEScatkey.html	Read live 2026-09-15. Column key for the per-series tables; does not state the odd/even node rule.
cat-nasa-uncertainty	primary	NASA GSFC, Uncertainty in Delta T	https://eclipse.gsfc.nasa.gov/SEhelp/uncertainty2004.html	Read live 2026-09-15. sigma = 0.8 t^2 for -1000 to +1200, Huber's formula with Q = 0.058 ms^2/yr and M = 2500 yr, tables of seconds and degrees of longitude.
cat-occult4	company	Herald D., Occult v4 Occultation Prediction Software, program page	http://www.lunar-occultations.com/iota/occult4.htm	Read 2026-09-15 by curl. Lists solar and lunar eclipses among the phenomena, C# on .NET 4.5, installation files. The DE441 statement comes from a search summary of a third-party map page and is unverified.
cat-oppolzer-1887	primary	Oppolzer T. von (1887) Canon der Finsternisse, English translation by O. Gingerich (1962), Dover	https://archive.org/details/canonofeclipsesc0000oppo	Not read. Described from NASA/TP-2009-214174 Section 1 (8,000 solar and 5,200 lunar eclipses, -1207 to +2161, hundreds of miles of path error, no Delta T) and from search coverage on the ten computers and circular-arc paths.
cat-rherale-eclipse-engine	company	RHerAle, Eclipse-Engine (JavaScript, AGPL-3.0, engine behind eclipseradar.com)	https://github.com/RHerAle/Eclipse-Engine	README read live 2026-09-15. Besselian elements fitted to JPL DE440s for 2026 to 2050, local circumstances, radiometry; no enumeration and no NASA comparison stated.
cat-sedategenerator	company	i230010, sedategenerator_v2 (Python Besselian element CSV generator)	https://github.com/i230010/sedategenerator_v2	README read via the GitHub API. Output columns listed; method and validation undocumented.
cat-skyfield-almanac	company	Rhodes B., Skyfield almanac documentation	https://rhodesmill.org/skyfield/almanac.html	Read live 2026-09-15. Confirms lunar_eclipses is the only eclipse function and that oppositions_conjunctions plus find_discrete locate new moons.
cat-skyfield-issue-1078	unsourced	python-skyfield issue 1078, Solar Eclipse calculation routine (May 2025)	https://github.com/skyfielders/python-skyfield/issues/1078	Read live 2026-09-15 with a partial page load. Describes the penumbra, umbra, antumbra test and claims near-perfect agreement with published sources.
cat-skyfield-pr-1076	unsourced	python-skyfield pull request 1076, Add routine and test for the solar eclipse calculation	https://github.com/skyfielders/python-skyfield/pull/1076	Read live 2026-09-15. Open at the time of reading. Method mirrors the lunar routine with a minimum search; author notes misidentifications for zero-duration and marginal partial eclipses.
cat-soniakeys-meeus-go	company	Keys S., meeus/v3/eclipse/eclipse.go, Go implementation of Astronomical Algorithms chapter 54 (MIT)	https://github.com/soniakeys/meeus/blob/master/v3/eclipse/eclipse.go	Read in full via the GitHub API. Reproduces the second-edition coefficients for F, M, M', Omega, E, the 16-term time correction, P, Q, gamma, u and the classification switch verbatim from the book; used as the source for the second-edition polynomial constants.
cat-squarewidget-meeus	unsourced	Still J., Calculate Future Solar Eclipses (C# walkthrough of Meeus chapter 54)	https://squarewidget.com/calculate-future-solar-eclipses/	Read live 2026-09-15. Blog post giving the second-edition mean new moon JDE and F expressions and the classification thresholds; used only to cross-check constants also present in the Go port.
cat-stephenson-2016	peer-reviewed	Stephenson F. R., Morrison L. V., Hohenkerk C. Y. (2016) Measurement of the Earth's rotation: 720 BC to AD 2015, Proc. R. Soc. A 472, 20160404	https://pmc.ncbi.nlm.nih.gov/articles/PMC5247521/	Open-access copy read 2026-09-15. Quoted: +1.8 ms/cy lod trend versus +2.3 ms/cy tidal, the parabola Delta T = -320.0 + 32.5 ((year-1825)/100)^2 s, the roughly 1500-year oscillation, DE430 acceleration -25.82 arcsec/cy^2, the untimed-eclipse method and the cubic spline fit.
cat-swisseph-doc	company	Astrodienst, Swiss Ephemeris Programming Interface, section on swe_sol_eclipse_when_glob and swe_sol_eclipse_where	https://www.astro.com/swisseph/swephprg.htm	Read live 2026-09-15. Function signature, ifltype bits, tret[] slots, UT convention, attr[] contents; the Delta T model in use is not stated in the section read.
cat-swisseph-swecl	company	Astrodienst, Swiss Ephemeris source swecl.c (AGPL or commercial)	https://github.com/aloistr/swisseph/blob/master/swecl.c	Source read via the GitHub API (6,428 lines). Quoted: constants DSUN, DMOON, DEARTH, the eclipse_where central and non-central tests, the K lunation seed, the dt bracketing search, and the annular-total detection by sign change of the core diameter.
cat-timeanddate-accuracy	company	timeanddate.com, How Accurate Are Eclipse Predictions and related help pages	https://www.timeanddate.com/eclipse/accuracy.html	Not read: HTTP 403 and a JavaScript challenge on every attempt. Search-summary provenance only: Delta T is applied, magnitudes from Besselian elements, no ephemeris statement found.
cat-umbra-rs	unsourced	RyuuNeko1107, umbra-rs (experimental pure-Rust eclipse engine)	https://github.com/RyuuNeko1107/umbra-rs	README read via the GitHub API. Design-first AI-authored project, explicitly not ready for use, targets stated but not validated.
cat-van-den-bergh-1955	trade	van den Bergh G. (1955) Periodicity and Variation of Solar (and Lunar) Eclipses, Tjeenk Willink, Haarlem	https://books.google.com/books/about/Periodicity_and_Variation_of_Solar_and_L.html?id=W8w0AQAAIAAJ	Not read. Its numbering scheme and Saros-Inex panorama are described from NASA/TP-2009-214174 Sections 5.6 to 5.8 and van Gent's catalogue.
cat-vangent-cycles	trade	van Gent R. H., A Catalogue of Eclipse Cycles, list of eclipse cycles	https://webspace.science.uu.nl/~gent0113/eclipse/eclipsecycles_cycles.htm	Read live 2026-09-15 via curl and text extraction. Source of the Kluepfel 1985 algorithm for the Saros number from the lunation number, the lunation-number offsets (Brown -953), the odd/even node rule, series lengths 1226 to 1550 years, and the k = m I + n S statement. Verified against all 11,898 NASA rows.
cat-vangent-tables	trade	van Gent R. H., A Catalogue of Eclipse Cycles, solar and lunar eclipse catalogues page	https://webspace.science.uu.nl/~gent0113/eclipse/eclipsecycles_tables.htm	Read live 2026-09-15. States that the EclipseWise six-millennium catalogs were computed from DE406; third-party statement, not confirmed on EclipseWise.
cat-wikipedia-inex	unsourced	Wikipedia, Inex	https://en.wikipedia.org/wiki/Inex	Read live 2026-09-15. Inex = 10,571.95 d = 358 synodic = 388.50011 draconic = 383.67351 anomalistic months; panorama of 61,775 eclipses.
cat-wikipedia-saros	unsourced	Wikipedia, Saros (astronomy)	https://en.wikipedia.org/wiki/Saros_(astronomy)	Read live 2026-09-15. Saros = 6585.321347 d = 223 synodic = 241.999 draconic = 238.992 anomalistic months; even numbers at the descending node; 40 active series 117 to 156.
earth-5mcse	primary	Five Millennium Catalog of Solar Eclipses: -1999 to +3000, F. Espenak and J. Meeus, NASA/TP-2009-214174	https://eclipse.gsfc.nasa.gov/SEpubs/5MCSE.html	Sections 2.3 to 2.7 read from the PDF text kept in var/downloads/TP2009-214174.txt: delta-T definition, Table 2-1 (Morrison and Stephenson 2004 values with standard errors), Table 2-2 (1955 to 2005), the long-term parabola -20 + 32u^2, the 2.3 ms/cy tidal lengthening of the day, the Huber uncertainty model and its longitude equivalents.
earth-astgtm	primary	ASTER Global Digital Elevation Model V003 (ASTGTM), NASA Earthdata catalog	https://www.earthdata.nasa.gov/data/catalog/lpcloud-astgtm-003	Read. 30 m posts, 83 N to 83 S, WGS84/EGM96 geoid, DOI 10.5067/ASTER/ASTGTM.003, open.
earth-circ179	primary	The IAU Resolutions on Astronomical Reference Systems, Time Scales, and Earth Rotation Models, G. H. Kaplan, USNO Circular 179 (2005)	https://aa.usno.navy.mil/downloads/Circular_179.pdf	Read from the PDF (var/downloads/circ179.txt). Equation 2.6 for TDB - TT (0.001657 s leading term), the statement that using TT for TDB errs by under 2 ms and under 1 mas for the Moon, the equation of the equinoxes with amplitude about 1 s, and the statement that the IAU 2000 resolutions change quantities only at the level of tens of milliarcseconds.
earth-copdem	primary	Copernicus DEM (COP-DEM) collection description, Copernicus Data Space Ecosystem	https://dataspace.copernicus.eu/explore-data/data-collections/copernicus-contributing-missions/collections-description/COP-DEM	Read. EEA-10, GLO-30 and GLO-90 from TanDEM-X 2011 to 2015 (WorldDEM), vertical reference EGM2008, absolute vertical accuracy under 4 m at 90 percent linear error, GLO-30 and GLO-90 free with attribution, DOI 10.5270/ESA-c5d3d65.
earth-copdem-aws	primary	Copernicus DEM on the Registry of Open Data on AWS	https://registry.opendata.aws/copernicus-dem/	Read. Buckets s3://copernicus-dem-30m and s3://copernicus-dem-90m (eu-central-1), cloud-optimised GeoTIFFs of the 2021 release, no-sign-request access.
earth-de430-memo	primary	The Planetary and Lunar Ephemerides DE430 and DE431, W. M. Folkner, J. G. Williams, D. H. Boggs, R. S. Park and P. Kuchynka, IPN Progress Report 42-196 (2014)	https://ipnpr.jpl.nasa.gov/progress_report/42-196/196C.pdf	Read from the PDF kept in var/downloads/folkner2014_de430.pdf. States that the coordinate time of DE430 and DE431 is TDB and gives the TDB - TT expression, and that the origin is the solar-system barycentre.
earth-eclipse-chasers	trade	Eclipse Calculator Details, eclipse-chasers.com (B. Kramer)	https://eclipse-chasers.com/html/tseCalculatorDetails.shtml	Read. DE200/LE200 elements, refraction from the two Astronomical Almanac formulas (0.00452 P / ((273+T) tan a) above 15 degrees and the low-altitude rational formula below), horizon dip for elevated observers, Watts or Kaguya limb data.
earth-eclipsewise-2017	company	Total Solar Eclipse of 2017 Aug 21, EclipseWise prime page (F. Espenak)	https://eclipsewise.com/solar/SEprime/2001-2100/SE2017Aug21Tprime.html	Read. Delta-T = 68.8 s, JPL DE405, k penumbra 0.2725076, k umbra 0.2722810, UT1 = TD - delta-T.
earth-eclipsewise-2024	company	Total Solar Eclipse of 2024 Apr 08, EclipseWise prime page (F. Espenak)	https://eclipsewise.com/solar/SEprime/2001-2100/SE2024Apr08Tprime.html	Read. Delta-T = 71.5 s, JPL DE405, k penumbra 0.2725076, k umbra 0.2722810, tan f1 = 0.0046683, tan f2 = 0.0046450.
earth-es1961	peer-reviewed	Explanatory Supplement to the Astronomical Ephemeris and the American Ephemeris and Nautical Almanac (HMSO, 1961)	https://archive.org/search?query=%22Explanatory+Supplement+to+the+Astronomical+Ephemeris%22	Section 6 (figure of the Earth: Hayford spheroid, the S and C functions) and Section 9B (eclipses: observer coordinates, Bessel's parametric-latitude device, rising and setting curves without refraction). Read from the archive.org OCR text kept in var/downloads/es1961_djvu.txt.
earth-es1992	peer-reviewed	Explanatory Supplement to the Astronomical Almanac, P. K. Seidelmann ed. (University Science Books, 1992)	https://archive.org/search?query=%22Explanatory+Supplement+to+the+Astronomical+Almanac%22+1992	Sections 2.553 (Stephenson and Morrison 1984 parabolas), 3.244 (terrestrial coordinates, MERIT 1983 ellipsoid), 3.283 (low-precision refraction, 34 arcmin horizontal refraction), 3.351 and 3.352 (IAU 1976 ellipsoid, GMST), 7.3 (apparent places include aberration), 8.12, 8.342, 8.353, 8.362 and 8.363 (eclipses: apparent places, shadow radius at height, height above the geoid, refraction as a refinement, the delta-T longitude correction). Read from the archive.org OCR text in var/downloads/es1992_djvu.txt.
earth-es2013	peer-reviewed	Explanatory Supplement to the Astronomical Almanac, 3rd edition, S. E. Urban and P. K. Seidelmann eds. (University Science Books, 2013)	https://ui.adsabs.harvard.edu/abs/2013esaa.book.....U	Not read for this note. Cited by the Photo Ephemeris technical note as one basis of its eclipse paths. Its eclipse chapter should be checked for changes to the 1992 formulas.
earth-espenak-tp2001	primary	Total Solar Eclipse of 2001 June 21, F. Espenak and J. Anderson, NASA/TP-1999-209484	https://eclipse.gsfc.nasa.gov/SEpubs/bulletin.html	Read from the PDF text kept in var/downloads/TP209484_2001.txt. States that predictions use centre-of-mass positions with no refraction or limb corrections, that local circumstances are at sea level unless the elevation is known, and defines the elevation factor tan(90-A) sin(D) for shifting the path limits.
earth-etopo2022	primary	ETOPO Global Relief Model (ETOPO 2022), NOAA NCEI	https://www.ncei.noaa.gov/products/etopo-global-relief-model	Read. 15, 30 and 60 arc-second grids, ice-surface and bedrock versions, a companion geoid-height GeoTIFF, DOI 10.25921/fd45-gt74.
earth-gmted2010	primary	Global Multi-resolution Terrain Elevation Data 2010 (GMTED2010), J. J. Danielson and D. B. Gesch, USGS Open-File Report 2011-1073	https://pubs.usgs.gov/of/2011/1073/pdf/of2011-1073.pdf	Read from the PDF (var/downloads/gmted2010.txt). 30, 15 and 7.5 arc-second products, heights on the EGM96 geoid, aggregated global RMSE 25 to 41 m at 30 arc-seconds and about 10 to 16 m at 7.5 arc-seconds against 1.5 million NGA control points, public domain.
earth-iers-bulletin-a	primary	IERS Bulletin A, Vol. XXXIX No. 037 (10 September 2026)	https://datacenter.iers.org/data/latestVersion/bulletinA.txt	Read. UT1-UTC = 0.000946 s on MJD 61287, TAI-UTC = 37 s since 2017 Jan 1, no leap second in December 2026, DUT1 = 0.0 s from 2026 Apr 9, polar motion x = 0.20025 arcsec and y = 0.33395 arcsec, prediction accuracies for UT1-UTC of 1.4, 2.4, 3.2 and 4.0 ms at 10, 20, 30 and 40 days.
earth-iers-c04	primary	Earth Orientation Parameters C04 series (IERS Earth Orientation Centre, Observatoire de Paris)	https://hpiers.obspm.fr/eop-pc/index.php?index=C04&lang=en	Read. EOP 20 C04 consistent with ITRF2020, daily values of x, y, UT1-UTC, LOD, dX and dY from 1962.
earth-iers-c04-guide	primary	The combined solution C04 for Earth Orientation Parameters consistent with ITRF 2005, C. Bizouard and D. Gambis (IERS Earth Orientation Centre, Observatoire de Paris)	https://hpiers.obspm.fr/iers/eop/eopc04_08/C04.guide.pdf	Read from the PDF (var/downloads/c04guide.txt). Describes the combination, the UT1-TAI to UT1-UTC translation, and states a present accuracy of about 6 microseconds for UT1.
earth-jubier-2024map	company	Mexico - USA - 2024 April 8 Total Solar Eclipse - Interactive Google Map, X. Jubier	http://xjubier.free.fr/en/site_pages/solar_eclipses/TSE_2024_GoogleMapFull.html	Wayback Machine snapshot of 2025-12-30 fetched; the page is JavaScript only and the archived HTML carries no method text, so nothing about its delta-T, elevation source or refraction could be read.
earth-jubier-calc	company	Solar Eclipse Calculator and Diagram, X. Jubier	http://xjubier.free.fr/en/site_pages/SolarEclipseCalc_Diagram.html	Read from the Wayback Machine snapshot of 2026-02-08 (xjubier.free.fr refused connections). Takes latitude, longitude and altitude in metres, shows the Sun-Moon diagram for the astronomical horizon with no refraction, prints the delta-T used per eclipse, and applies a lunar-limb correction LC to second and third contact.
earth-meeus-aa	trade	Astronomical Algorithms, 2nd edition, J. Meeus (Willmann-Bell, 1998)	https://ui.adsabs.harvard.edu/abs/1998aalg.book.....M	Not read for this note. Its refraction chapter (Saemundsson and Bennett formulas) is quoted from the Stellarium and Swiss Ephemeris source files that cite it, and its delta-T tables are cited by swephlib.c and the Photo Ephemeris note.
earth-meeus-elements	trade	Elements of Solar Eclipses 1951-2200, J. Meeus (Willmann-Bell, 1989)	https://ui.adsabs.harvard.edu/abs/1989esec.book.....M	Not read for this note. Cited by the Photo Ephemeris technical note as the basis of its local circumstances and paths.
earth-ms2004	peer-reviewed	Historical values of the Earth's clock error Delta T and the calculation of eclipses, L. V. Morrison and F. R. Stephenson, J. Hist. Astron. 35, 327-336 (2004)	https://ui.adsabs.harvard.edu/abs/2004JHA....35..327M	Not read directly (the ADS PDF link returned an HTML stub). Its spline values and standard errors are quoted from Table 2-1 of the Five Millennium Catalog and from the NASA delta-T pages, which are built on it. Assumes a lunar tidal acceleration of -26 arcsec/cy^2.
earth-mshz2021	peer-reviewed	Addendum 2020 to 'Measurement of the Earth's rotation: 720 BC to AD 2015', L. V. Morrison, F. R. Stephenson, C. Y. Hohenkerk and M. Zawilski, Proc. R. Soc. A 477, 20200776 (2021)	https://doi.org/10.1098/rspa.2020.0776	Abstract only, read through the Semantic Scholar API (the publisher returned HTTP 403). Observed deceleration -4.59 +/- 0.08 x 10^-22 rad/s^2 against tidal -6.39 +/- 0.03, and an oscillation of about 14 centuries.
earth-nasa-2017-beselm	primary	Besselian Elements for the Total Solar Eclipse of 2017 Aug 21 (NASA Eclipse Web Site)	https://eclipse.gsfc.nasa.gov/SEbeselm/SEbeselm2001/SE2017Aug21Tbeselm.html	Read. Delta-T = 68.4 s, JPL DE405, k1 = 0.272508, k2 = 0.272281, elements from a least-squares fit at five times over six hours.
earth-nasa-2017-google	primary	Total Solar Eclipse of 2017 Aug 21, Google Maps page (NASA Eclipse Web Site, F. Espenak)	https://eclipse.gsfc.nasa.gov/SEgoogle/SEgoogle2001/SE2017Aug21Tgoogle.html	Read. States JPL DE405, delta-T = 68.4 s, no lunar limb corrections, and the 1 to 3 km and 1 to 3 s limb effect.
earth-nasa-2024-beselm	primary	Besselian Elements for the Total Solar Eclipse of 2024 Apr 08 (NASA Eclipse Web Site)	https://eclipse.gsfc.nasa.gov/SEbeselm/SEbeselm2001/SE2024Apr08Tbeselm.html	Read. Delta-T = 70.6 s, VSOP87/ELP2000-85, k1 = 0.272488, k2 = 0.272281, centre-of-mass lunar coordinates.
earth-nasa-2024-google	primary	Total Solar Eclipse of 2024 Apr 08, Google Maps page (NASA Eclipse Web Site, F. Espenak)	https://eclipse.gsfc.nasa.gov/SEgoogle/SEgoogle2001/SE2024Apr08Tgoogle.html	Read. States VSOP87/ELP2000-85 ephemerides, delta-T = 70.6 s, no lunar limb corrections, zoom limited to about 0.7 km per cm.
earth-nasa-deltat	primary	Delta T: Terrestrial Dynamical Time and Universal Time (NASA Eclipse Web Site)	https://eclipse.gsfc.nasa.gov/SEhelp/deltat2004.html	Read in full. Definition, derivation from historical eclipses and occultations, table of values 1955 to 2005.
earth-nasa-deltat-uncertainty	primary	Uncertainty in Delta T (NASA Eclipse Web Site)	https://eclipse.gsfc.nasa.gov/SEhelp/uncertainty2004.html	Read in full. Huber Brownian-motion model for sigma outside the observed span (Q = 0.058 ms^2/yr, M = 2500 yr), the 0.8 t^2 parabola for 1000 BCE to 1200 CE, and the longitude equivalents of the errors.
earth-nasa-deltatpoly	primary	Polynomial Expressions for Delta T (NASA Eclipse Web Site, F. Espenak and J. Meeus)	https://eclipse.gsfc.nasa.gov/SEhelp/deltatpoly2004.html	Read in full. The piecewise polynomials for -1999 to +3000, the decimal-year convention, and the correction c = -0.000012932 (y-1955)^2 for the -25.858 arcsec/cy^2 tidal acceleration of ELP-2000/82 versus the -26 arcsec/cy^2 of Morrison and Stephenson 2004.
earth-nasa-explain	primary	Explanation of Solar Eclipse Predictions (NASA Eclipse Web Site, F. Espenak)	https://eclipse.gsfc.nasa.gov/SEmono/reference/explain.html	Read. Predictions use the best delta-T available at preparation and centre-of-mass positions with no refraction; limb corrections to central durations are given separately.
earth-nasa-time	primary	Terrestrial Dynamical Time (NASA Eclipse Web Site, Five Millennium Canon of Lunar Eclipses help)	https://eclipse.gsfc.nasa.gov/LEcat5/time.html	Read. Definitions of TD, UT, UTC, leap seconds and the TD to UT conversion.
earth-nasadem	primary	NASADEM Merged DEM Global 1 arc second V001, NASA Earthdata catalog	https://www.earthdata.nasa.gov/data/catalog/lpcloud-nasadem-hgt-001	Read. SRTM reprocessed with ICESat GLAS control, ASTER GDEM2 and AW3D30 void fill, 60 N to 56 S, geoid-referenced, DOI 10.5067/MEASURES/NASADEM/NASADEM_HGT.001, open.
earth-nga-wgs84	primary	World Geodetic System 1984 (NGA Office of Geomatics)	https://earth-info.nga.mil/?dir=wgs84&action=wgs84	Read. Defining parameters a = 6378137.0 m, 1/f = 298.257223563, omega = 7292115 x 10^-11 rad/s, GM = 3.986004418 x 10^14 m^3/s^2; EGM2008 to degree 2159 with a 2.5-minute geoid grid, EGM96 to degree 360 with a 15-minute grid.
earth-occult-tutorial	company	Occult tutorial (grazing occultation examples), PDF distributed with Occult	http://www.lunar-occultations.com/iota/occult4.htm	Read from the local copy var/downloads/OccultTutorial.pdf. A graze prediction listing states that path coordinates are referred to WGS84 with the site altitude referenced to mean sea level and that the path is adjusted for refraction at low Moon altitudes.
earth-occult4	company	Occult v4 occultation prediction software, D. Herald	http://www.lunar-occultations.com/iota/occult4.htm	Read from the Wayback Machine snapshot of 2025-12-23 (the live site failed TLS). Feature list only: solar and lunar eclipses, 42 downloadable data files. No method statement on delta-T, elevation or refraction.
earth-photoephemeris	company	Technical Note: Solar Eclipse Functionality, The Photographer's Ephemeris	https://photoephemeris.com/en/help/photo-ephemeris-web/technical-note-solar-eclipse-functionality	Read. Based on Meeus (Astronomical Algorithms and Elements of Solar Eclipses), the Astronomical Almanac 2023 and the 2013 Explanatory Supplement; delta-T from USNO data and predictions (2017 changed from 70.3 s to 68.8373 s); elevation from SRTM3, ASTER GDEM or Google Elevation; paths assume sea level with about 500 m of shift per 1000 m of elevation; simulator refraction from the US Standard Atmosphere.
earth-saemundsson-1986	trade	Astronomical refraction, Th. Saemundsson, Sky and Telescope 72, 70 (1986)	https://ui.adsabs.harvard.edu/abs/1986S%26T....72...70S	Not read. The formula R = 1.02 / tan(h + 10.3/(h + 5.11)) arcmin is quoted as implemented in Stellarium, which cites this paper via Meeus.
earth-smh2016	peer-reviewed	Measurement of the Earth's rotation: 720 BC to AD 2015, F. R. Stephenson, L. V. Morrison and C. Y. Hohenkerk, Proc. R. Soc. A 472, 20160404 (2016)	https://doi.org/10.1098/rspa.2016.0404	Full text read via the Europe PMC XML (PMC5247521), saved as var/downloads/smh2016.txt. Parabola -320.0 + (32.5 +/- 0.6)((year-1825)/100)^2 s, lod +1.78 +/- 0.03 ms/cy observed against +2.3 +/- 0.1 ms/cy tidal, DE430 tidal acceleration -25.82 arcsec/cy^2, spline knots at 5 and 3 year intervals after 1800, IERS TAI-UT1 used as control 1962 to 2015.
earth-srtm-guide	primary	SRTM Version 3.0 User Guide (NASA JPL and LP DAAC)	https://lpdaac.usgs.gov/documents/179/SRTM_User_Guide_V3.pdf	Read from the PDF (var/downloads/srtm_guide.txt). Heights are metres referenced to the WGS84/EGM96 geoid; the true spatial resolution of the 1 arc-second data is 50 to 80 m; the LP DAAC 3 arc-second product averages 3x3 posts; voids are filled with ASTER GDEM2, GMTED2010 and NED.
earth-srtmgl1	primary	NASA Shuttle Radar Topography Mission Global 1 arc second V003 (SRTMGL1), NASA Earthdata catalog	https://www.earthdata.nasa.gov/data/catalog/lpcloud-srtmgl1-003	Read. 1 arc-second (30 m) posts, 60 N to 56 S, HGT files, DOI 10.5067/MEASURES/SRTM/SRTMGL1.003, openly shared without restriction under the EOSDIS data use guidance.
earth-srtmgl3	primary	NASA Shuttle Radar Topography Mission Global 3 arc second V003 (SRTMGL3), NASA Earthdata catalog	https://www.earthdata.nasa.gov/data/catalog/lpcloud-srtmgl3-003	Read. 3 arc-second (90 m) product derived from the 1 arc-second data by averaging, DOI 10.5067/MEaSUREs/SRTM/SRTMGL3.003, open.
earth-stellarium-doc	company	Stellarium API documentation, class Refraction	https://stellarium.org/doc/head/classRefraction.html	Read. Describes the class as following the atmospheric-optics literature and notes the handling of altitudes between -2 and -5 degrees.
earth-stellarium-refraction	company	Stellarium source, src/core/RefractionExtinction.cpp	https://github.com/Stellarium/stellarium/blob/master/src/core/RefractionExtinction.cpp	Read (downloaded 2026-09-15). Saemundsson forward formula and Bennett backward formula as implemented, defaults 1013 mbar and 10 C, cut-offs at -3.54 deg geometric and -3.21783 deg apparent altitude with transition zones.
earth-svs-4314	primary	NASA SVS 4314: 2017 eclipse shadow cones and umbra, visualisation constants (E. Wright)	https://svs.gsfc.nasa.gov/4314	Read from the Wayback Machine snapshot of 2025-12-19 (svs.gsfc.nasa.gov refused connections). Lists Earth radius 6378.137 km, flattening 1/298.257, Moon radius 1737.4 km (k = 0.2723993), Sun radius 696,000 km, DE421, SPICE earth_070425_370426_predict.bpc, Delta UTC 68.184 s, and states that elevations and the lunar limb were ignored in that product.
earth-svs-4515	primary	NASA SVS 4515: 2017 Total Solar Eclipse in the U.S., umbra animation with terrain and limb (E. Wright)	https://svs.gsfc.nasa.gov/4515	Read from the Wayback Machine snapshot of 2026-01-14. Lists Earth radius 6378.137 km, Ellipsoid WGS84, Geoid EGM96, DE421, SPICE earth orientation kernel, Delta UTC 69.184 s and delta-T 68.917 s, DEM SRTM (SIR-C), lunar DEMs LOLA and SLDEM2015.
earth-svs-4517	primary	NASA SVS 4517: Umbra Shapes (E. Wright)	https://svs.gsfc.nasa.gov/4517	Read from the Wayback Machine snapshot of 2025-12-10. Explains the limb-profile point-cloud method, states that observer elevations come from SRTM, and that the western-US elevations in 2017 shift the umbra toward the Sun's azimuth by as much as 3 km.
earth-svs-4518	primary	NASA SVS 4518: 2017 Total Solar Eclipse Map and Shapefiles (E. Wright)	https://svs.gsfc.nasa.gov/4518	Read from the Wayback Machine snapshot of 2025-12-20. Elevations from SRTM, lunar topography from LRO LOLA and Kaguya, DE421, limb profile and eclipse calculations by the visualiser.
earth-svs-5073	primary	NASA SVS 5073: The 2023 and 2024 Solar Eclipses, Map and Data (E. Wright, M. Garrison)	https://svs.gsfc.nasa.gov/5073	Read from the Wayback Machine snapshot of 2026-01-02. Eclipse data calculated with elevation from SRTM, lunar topography from LRO, DE421. Shapefile list (umbra polygons at 1 s and 10 s). No delta-T value is printed on the page.
earth-svs-5123	primary	NASA SVS 5123: The 2024 Total Solar Eclipse (E. Wright, M. Garrison)	https://svs.gsfc.nasa.gov/5123	Read from the Wayback Machine snapshot of 2025-12-09. Same method statement as SVS 5073: SRTM, LRO, DE421. No delta-T value printed.
earth-svs-5219	primary	NASA SVS 5219: 2024 Path of Totality (E. Wright)	https://svs.gsfc.nasa.gov/5219	Read from the Wayback Machine snapshot of 2025-12-12. States that the 2024 umbra and path account for Earth elevations and the irregular lunar limb, linking to SVS 4517 for the method.
earth-swisseph-doc	company	Swiss Ephemeris general documentation, chapter on Delta T (Astrodienst)	https://www.astro.com/swisseph/swisseph.htm	Read through a fetch summary only. Names the delta-T models and the tidal accelerations per ephemeris.
earth-swisseph-prg	company	Swiss Ephemeris programming interface (swephprg.htm), Astrodienst	https://www.astro.com/swisseph/swephprg.htm	Read through a fetch summary. Eclipse functions take UT and a geopos triple (longitude, latitude, height in metres); the search for the next eclipse anywhere on Earth is independent of delta-T.
earth-swisseph-swecl	company	Swiss Ephemeris source, swecl.c (eclipse functions), Astrodienst	https://github.com/aloistr/swisseph/blob/master/swecl.c	Read from the local copy var/downloads/swecl.c. Central-line algorithm from Montenbruck, refraction considered only for maxima of partial and non-central eclipses, positions referred to sea level and the mean ellipsoid, a listed error budget (JPL 40 m, refraction, geoid and polar motion a few metres each, under 100 m except near the horizon), the z-scaling device for oblateness, observer altitude limits -500 to 25000 m, a horizon visibility criterion with 34.4556 arcmin of refraction plus dip.
earth-swisseph-swephexp	company	Swiss Ephemeris header, swephexp.h (SE_TIDAL constants), Astrodienst	https://github.com/aloistr/swisseph/blob/master/swephexp.h	Read (downloaded 2026-09-15). Tidal accelerations per ephemeris: DE200 -23.8946, DE403 and DE404 -25.580, DE405 and DE406 -25.826, DE421 and DE422 -25.85, DE430 -25.82, DE431 -25.80, DE441 -25.936, SE_TIDAL_26 = -26.0, default DE431.
earth-swisseph-swephlib	company	Swiss Ephemeris source, swephlib.c (delta-T and tidal acceleration), Astrodienst	https://github.com/aloistr/swisseph/blob/master/swephlib.c	Read (downloaded 2026-09-15). Delta-T model selection (Stephenson, Morrison and Hohenkerk 2016 before 1955, Astronomical Almanac and IERS tables after, the Stephenson 1997 formula for the future with a 100-year transition) and the tidal-acceleration adjustment -0.000091 (ndot - ndot0)(Y-1955)^2 s.
earth-timeanddate-accuracy	company	How Accurate Are Eclipse Predictions? (Accuracy of Eclipse Times), K. Bikos, timeanddate.com	https://www.timeanddate.com/eclipse/accuracy.html	Read from the Wayback Machine snapshot of 2025-12-24 (the live page returned HTTP 403). Calculations are at sea level, the umbra at Everest is only about 80 m wider, the path position may be off by up to 10 km at high altitude with a low Sun, rise and set times assume a flat horizon.
earth-usno-deltat	primary	Delta T products (USNO Earth Orientation Department)	https://maia.usno.navy.mil/products/deltaT	Read. Defines delta-T = TT - UT1 and lists deltat.data (monthly since 1973), deltat.preds (long-term predictions from finals.data) and the historic McCarthy and Babcock values.
earth-usno-deltat-data	primary	deltat.data: monthly determinations of TT - UT1 (USNO)	https://maia.usno.navy.mil/ser7/deltat.data	Read on 2026-09-15. 2017 Aug 1: 68.8373 s; 2017 Sep 1: 68.8477 s; 2024 Apr 1: 69.1983 s; 2024 May 1: 69.2018 s; last row 2026 Apr 1: 69.1330 s.
earth-usno-deltat-preds	primary	deltat.preds: long-term predictions of TT - UT1 (USNO)	https://maia.usno.navy.mil/ser7/deltat.preds	Read on 2026-09-15. Columns MJD, year, TT-UT1, UT1-UTC, error. 2025.0: 69.04 +/- 0.088 s; 2026.0: 69.05 +/- 0.189 s; 2028.0: 69.34 +/- 0.486 s; 2030.0: 69.97 +/- 0.768 s.
earth-wiki-egm	unsourced	Earth Gravitational Model (Wikipedia)	https://en.wikipedia.org/wiki/Earth_Gravitational_Model	Read. EGM96 degree 360 with a 15-minute grid; EGM2008 degree 2159 with a 2.5-minute grid and accuracy approaching 10 cm. Encyclopaedia, so graded unsourced.
earth-wiki-geoid	unsourced	Geoid (Wikipedia)	https://en.wikipedia.org/wiki/Geoid	Read. Used only for the range of geoid undulation, +85 m (Iceland) to -106 m (southern India). Encyclopaedia, so graded unsourced.
glob-5mcse-text	primary	Espenak, F. and Meeus, J., Five Millennium Canon of Solar Eclipses: -1999 to +3000, NASA/TP-2006-214141, introductory text	https://eclipse.gsfc.nasa.gov/5MCSE/5MCSE-Text11.pdf	Read the PDF (var/downloads/5MCSE-Text11.txt). History of canons (Oppolzer's three-point arcs), VSOP87D and ELP-2000/82 truncation, centre-of-mass positions, the k history (0.2724880 and 0.272281 in 1968-1980, IAU 0.2725076 in 1982) and the 1986 Oct 03 misclassification, map key including the magnitude 0.5 curve and Delta T standard error.
glob-aravpanwar	company	aravpanwar/besselian, README	https://github.com/aravpanwar/besselian	Read the README summary. k1=0.272488, k2=0.272281, Delta T=76.0 s for 2027, longitude shift Delta T*15/3600 deg (~32 km), exact centreline solve, greatest eclipse versus greatest duration differ by ~215 km and 0.6 s, checks against NASA numbers.
glob-besselianelements-2024	trade	Besselian Elements (John Irwin), Path of the 2024 April 8th Total Solar Eclipse	https://www.besselianelements.com/path-of-the-2024-april-8th-total-solar-eclipse/	Read. True-limb limits (orange) versus traditional smooth limits (red), accounting for lunar limb and Earth topography; datasets and formats not named.
glob-besselianelements-jagged	trade	Besselian Elements (John Irwin), Eclipse Limits and Centreline are jagged lines	https://www.besselianelements.com/jagged-eclipse-limits-and-centreline/	Read. Explains that the limb topography and Earth orography make true-limb lines jagged; solar radius 959.95 +/- 0.05 arcsec with lines at 959.90 and 960.00.
glob-besselianelements-tech	trade	Besselian Elements (John Irwin), Technical Details of the true-limb Eclipse Path Determination	https://www.besselianelements.com/technical-details-of-the-true-limb-eclipse-path-determination/	Read. Solar radius 959.95 arcsec, recent Earth orientation parameters; the parameter table is an image and was not readable.
glob-buchanan-1904	survey	Buchanan, R., The Mathematical Theory of Eclipses According to Chauvenet's Transformation of Bessel's Method (1904)	https://archive.org/stream/mathematicaltheo00buchuoft/mathematicaltheo00buchuoft_djvu.txt	Reproduces Chauvenet's formulae (Manual of Spherical and Practical Astronomy, 1863, arts. 320 ff.) for the penumbral and umbral limiting curves, rising and setting curve, maximum curve, outline of the shadow, with the remark that the umbral limits borrow cos beta from the central line. Read the OCR full text for arts. 93 and 135-137 and the table of contents.
glob-celestialprogramming	trade	celestialprogramming.com, Computing Besselian Element Polynomial Coefficients (Greg Miller)	https://celestialprogramming.com/eclipsesGeneratingBesselianElements/generatingBesselianPolynomials.html	Read. Generates elements from DE405 at five times and fits polynomials by Gauss-Jordan; k=0.2725076, solar radius 6.957e8 m and Earth radius 6.3781e6 m (IAU 2015 B3); cites Chauvenet, Green, Smart and ES 2013. No path code on the page.
glob-eclipsetracks-issue9	unsourced	Frencil/eclipsetracks, issue 9: Utilize Besselian Elements for more accurate everything	https://github.com/Frencil/eclipsetracks/issues/9	Read. The Cesium app uses NASA surface-track tables; moving to Besselian elements on a WGS84 ellipsoid is an open enhancement.
glob-eclipsewise-beselm	company	Explanation of Besselian Elements for Solar Eclipses (EclipseWise, Fred Espenak)	https://eclipsewise.com/solar/SEhelp/SEbeselm.html	Read. Definitions of x, y, L1, L2, d, mu, f1, f2 in units of Earth's equatorial radius; no path formulas.
glob-eclipsewise-limb	company	Lunar Limb Profile and Eclipse Predictions (EclipseWise, Fred Espenak)	https://eclipsewise.com/solar/SEhelp/SElimb.html	Read. Same content as the NASA limb page: Watts, Kaguya, LRO; 2-3 s errors uncorrected; no k values.
glob-eclipsewise-radius	company	Solar Eclipse Predictions and the Mean Lunar Radius (EclipseWise, Fred Espenak)	https://www.eclipsewise.com/solar/SEhelp/SEradius.html	Read. History of k and the argument for k=0.272281 at all central (interior) contacts, which gives shorter durations and narrower paths than IAU calculations.
glob-enrique7mc	company	enrique7mc/solar-eclipse-2027, src/eclipse.js and README	https://github.com/enrique7mc/solar-eclipse-2027	Read the README summary and the source (var/downloads/enrique_eclipse.js). NASA elements, f=1/298.257, k2=0.272281, Delta T=71.7 s, mu shift 0.00417807 deg/s, line-ellipsoid quadratic, sweep-envelope limits, 90-point outline, two-circle obscuration formula, bisected central duration; check script agrees with the NASA path table to ~1 km and 0.1 s.
glob-es1961	peer-reviewed	Explanatory Supplement to the Astronomical Ephemeris and the American Ephemeris and Nautical Almanac (1961), chapter 9 Eclipses and Transits, section B Solar eclipses fundamental equations and section C predicted data	https://archive.org/stream/astronomicalalmanac1961/131221-explanatory-supplement-1961_djvu.txt	The primary algebra for Besselian elements, the observer in the fundamental frame, the auxiliary elements a' b' c', central line, limits, outline, maximum-eclipse, rise/set and greatest-eclipse curves, with worked examples for 1961 Feb 15. Read the OCR full text on archive.org (djvu text); OCR errors were resolved against the 1992 edition and the Stellarium code.
glob-es1992	peer-reviewed	Explanatory Supplement to the Astronomical Almanac (1992), chapter 8 Eclipses of the Sun and Moon, by Alan D. Fiala and John A. Bangert	https://archive.org/stream/131123ExplanatorySupplementAstronomicalAlmanac/131123-explanatory-supplement-astronomical-almanac_djvu.txt	Sections 8.353 to 8.3565 and 8.361: the conditional equation with tan^2 f, the flattening iteration in gamma, the Q-scan and 1e-5 tolerance for limits, Mikhailov's path-width formula (8.3553-5), discriminants for contacts, eclipse-map conventions. Read the OCR full text; equation 8.3553-5 is scan-damaged and was reconstructed from Stellarium's transcription.
glob-es2013	peer-reviewed	Urban, S. E. and Seidelmann, P. K. (eds), Explanatory Supplement to the Astronomical Almanac, 3rd edition (2013), chapter 11 Eclipses of the Sun and Moon	https://www.google.com/books/edition/Explanatory_Supplement_to_the_Astronomic/WBiqdNy_2KIC	Not read. Known through Stellarium's citations of equations 11.56, 11.60, 11.65, 11.78, 11.81, 11.82, 11.89 and 11.94 for the zeta(Q) closed form and the maximum-at-horizon iteration.
glob-gae-about	company	Great American Eclipse, About (Michael Zeiler)	https://www.greatamericaneclipse.com/about	Read. Maps from Espenak's Besselian elements through Jubier's software, corrected for the lunar limb by up to several seconds, produced in ArcGIS; no shapefile downloads described.
glob-helioclipse	unsourced	Helioclipse blog, How fast does the Moon's shadow move?	https://www.helioclipse.com/en/blog/moon-shadow-speed-total-solar-eclipse-ground-track/	Read. Qualitative explanation of shadow speed and 2017 satellite-derived local speeds of 2,382 to 2,929 km/h over Wyoming and Nebraska; no formula.
glob-jubier-help	company	Jubier, X., Solar Eclipse Google Map Help	http://xjubier.free.fr/en/site_pages/solar_eclipses/xSE_GoogleMap3_Help.html	Read via curl. Full curve colour code, tooltip fields (umbral depth, path width, obscuration, magnitude, ratio, umbral velocity), LC limb correction fetched online, IAU 1976 solar radius 959.63 arcsec versus ~959.98 photospheric, no refraction, elevation tool, Delta T extrapolation good to 0.5 s. Last updated July 2, 2017.
glob-jubier-maps	company	Jubier, X., Solar Eclipses - Interactive Google Maps	http://xjubier.free.fr/en/site_pages/SolarEclipsesGoogleMaps.html	Read via curl (HTTPS refused). Colour conventions for limits and centre line, KML/KMZ downloads per eclipse, grazing-zone maps, Five Millennium Canon database.
glob-jubier-sem-limb	company	Jubier, X., Solar Eclipse Maestro help: LRO-Kaguya-Watts Lunar Limb Profiles Window	http://xjubier.free.fr/en/site_pages/solar_eclipses/Solar_Eclipse_Maestro_Help/pgs/c1sem63.html	Read via curl. Watts corrected by Morrison/Appleby 1981 and Rossello/Jordi 1991; Kaguya and LRO more accurate; reduced radius k2 used for the uncorrected path; IAU mean radius 1738.091 km, k=0.2725076; 0.241 degree Watts angle offset.
glob-mathscinotes	unsourced	Math Encounters blog, Calculate Eclipse Path Width (2017)	https://www.mathscinotes.com/2017/08/calculate-eclipse-path-width/	Read. Cone-geometry width formula giving 116 km against NASA's 114.7 km for 2017; ignores surface tilt.
glob-matlab-meeus	trade	Eagle, D., A MATLAB Implementation of Elements of Solar Eclipses (MATLAB Central File Exchange, 2019)	https://www.mathworks.com/matlabcentral/fileexchange/71132-a-matlab-implementation-of-elements-of-solar-eclipses	Read the listing. Implements Meeus's numerical methods; requires the ECLIPSE.ELS data file sold by Willmann-Bell; no formulas on the page.
glob-meeus-1989	peer-reviewed	Meeus, J., Elements of Solar Eclipses 1951-2200 (Willmann-Bell, 1989)	https://search.worldcat.org/title/elements-of-solar-eclipses-1951-2200/oclc/18557253	Not read. Besselian elements for 570 eclipses with formulae for local circumstances, points on the central line and on the northern and southern limits, with numerical examples; the 5MCSE text and Photo Ephemeris cite it as the algorithm source. Contents known from catalogue descriptions and citing sources only.
glob-nasa-explain	primary	Explanation of Solar Eclipse Predictions (NASA GSFC eclipse web site, Espenak)	https://eclipse.gsfc.nasa.gov/SEmono/reference/explain.html	Read. Polynomial form, path-table column definitions, graze zones, TDT and Delta T usage, smaller k for umbral contacts.
glob-nasa-google-2024	primary	Total Solar Eclipse of 2024 Apr 08, interactive Google map (NASA GSFC eclipse web site)	https://eclipse.gsfc.nasa.gov/SEgoogle/SEgoogle2001/SE2024Apr08Tgoogle.html	Read. States VSOP87/ELP2000-85, Delta T = 70.6 s, that predictions do not include lunar limb effects, that limb corrections shift limits by ~1-3 km, durations by ~1-3 s and greatest duration by ~10-20 km, and that corrected predictions are posted 12-18 months ahead.
glob-nasa-google-ack	primary	Google Maps and Solar Eclipse Paths, acknowledgment page (NASA GSFC eclipse web site)	https://eclipse.gsfc.nasa.gov/SEgoogle/SEacknowledgment.html	Read. Maps built on Charlie Ridgway's code with Xavier Jubier; elements for the Moon's centre of mass from VSOP87/ELP2000-82; path-edge accuracy 1-2 km because of the lunar limb.
glob-nasa-limb	primary	The Lunar Limb Profile and Eclipse Predictions (NASA GSFC eclipse web site)	https://eclipse.gsfc.nasa.gov/SEhelp/limb.html	Read. Watts 1963 charts, Kaguya and LRO; uncorrected times in error by 2-3 s and more near the limits; corrected agreement to 0.5 s (Watts) and 0.2 s (Kaguya/LRO).
glob-nasa-map-explain	primary	Explanation of Eclipse Maps (NASA GSFC eclipse web site, Espenak)	https://eclipse.gsfc.nasa.gov/SEmono/reference/map.html	Read. Defines the curve families on NASA maps: penumbral limits, umbral path, P1-P4, rise/set loops, maximum-eclipse curves at 30 min and umbra outlines at 10 min, constant magnitude curves at 0.2-0.8, greatest eclipse asterisk.
glob-nasa-mapkey	primary	Key to Solar Eclipse Maps, Five Millennium Canon (NASA GSFC eclipse web site)	https://eclipse.gsfc.nasa.gov/SEcat5/SEmapkey.html	Read. Orthographic projection, rise/set loops, maximum at sunrise/sunset, magnitude 0.5 curve, greatest-eclipse asterisk, gamma, subsolar point, TD and Delta T.
glob-nasa-path-2017	primary	Path of Total Solar Eclipse of 2017 Aug 21 (NASA GSFC eclipse web site, Espenak)	https://eclipse.gsfc.nasa.gov/SEpath/SEpath2001/SE2017Aug21Tpath.html	Read. Delta T = 68.4 s; rows at 17:00, 18:00 and 19:00 UT quoted for validation.
glob-nasa-path-2024	primary	Path of Total Solar Eclipse of 2024 Apr 08 (NASA GSFC eclipse web site, Espenak)	https://eclipse.gsfc.nasa.gov/SEpath/SEpath2001/SE2024Apr08Tpath.html	Read. Column headers, 120-second rows, Limits row, footnote Delta T = 70.6 s. First rows quoted verbatim in the data-products note.
glob-nasa-rotation	primary	Eclipse Predictions and Earth's Rotation (NASA GSFC eclipse web site)	https://eclipse.gsfc.nasa.gov/SEhelp/rotation.html	Read. Explains Delta T and gives a table of longitude shifts per epoch (e.g. 9,848 s at 1 BCE gives 41.0 degrees); no formula.
glob-nasa-tp2001	primary	Espenak, F. and Anderson, J., Total Solar Eclipse of 2001 June 21, NASA/TP-1999-209484	https://eclipse.gsfc.nasa.gov/SEpubs/20010621/TP209484.pdf	Read the PDF (extracted with pdftotext, var/downloads/TP209484_2001.txt). Gives the polynomial evaluation, Table 2-8 definitions, k values, DE200/LE200, the off-axis duration formula d = D(1-(2a/W)^2)^1/2, the graze-zone algorithm, Elev Fact, the limb time-correction formula, and narrative umbra speeds.
glob-nasa-tp2008-sec1	primary	Espenak, F. and Anderson, J., Total Solar Eclipse of 2008 August 01, NASA/TP-2007-214149, section 1 Eclipse Predictions	https://eclipse.gsfc.nasa.gov/SEpubs/20080801/section1.html	Read the HTML. Same table set as 2001 at 3-min intervals; states the Elev Fact as tan(90-A) sin(D); k=0.2725076 penumbral and 0.272281 umbral; Watts limb data corrected after Morrison and Appleby (1981).
glob-noaa-hub	primary	NOAA ArcGIS Hub, 2024 Eclipse Shapefiles	https://noaa.hub.arcgis.com/maps/12d5ada7da474b0cb678a3b067e67011	Page rendered only its title when fetched; the search index summary says NASA data with center, path, duration and more. Not read beyond the title.
glob-noaa-sos	primary	NOAA Science On a Sphere dataset, Solar Eclipse Paths: 2023 & 2024	https://sos.noaa.gov/catalog/datasets/solar-eclipse-paths-2023-2024/	Read. Shapefiles obtained from NASA SVS 5073 and processed in ArcGIS Pro; obscuration contour lines; credits NOAA Office of Education and CIRES.
glob-occult-tutorial	company	Preston, S., Occult v4 Overview (IOTA tutorial PDF, April 2019)	https://occultations.org/documents/OccultTutorial.pdf	Read the PDF (var/downloads/OccultTutorial.txt). LOLA limb download, LOLA high-resolution and Kaguya options for graze profiles, WGS84 path coordinates, KMZ export for occultation paths; does not cover solar-eclipse global circumstances.
glob-occult4	company	Occult v4 (David Herald), program page at lunar-occultations.com	http://www.lunar-occultations.com/iota/occult4.htm	Read via curl (HTTPS failed). Feature list only: solar and lunar eclipses, transits, planetary satellite events.
glob-photoephemeris	company	Photo Ephemeris, Technical Note: Solar Eclipse Functionality	https://photoephemeris.com/en/help/photo-ephemeris-web/technical-note-solar-eclipse-functionality	Read. NASA elements, Meeus Elements of Solar Eclipses and Astronomical Almanac 2023 for paths, 0.1 degree longitude sampling at sea level, no limb correction, +/-1-2 km path accuracy, elevation shift ~500 m per 1000 m, Delta T sources by period.
glob-plhery	company	plhery/umbra-eclipse-atlas, README	https://github.com/plhery/umbra-eclipse-atlas	Read the README summary. Elements from the Five Millennium Canon via @astronomy-bundle/solar-eclipse; exports GeoJSON, KML/KMZ, GPX and CSV; disclaims official status.
glob-radiantdrift	vendor	Radiant Drift API documentation, Eclipse Paths	https://docs.radiantdrift.com/solar-eclipses/eclipse-paths	Read. GeoJSON for central path, totality limits, partial limits, lines of equal magnitude and totality polygon; spacing factor to 0.025 degrees; beta issues at high latitude and the antimeridian; no algorithm stated.
glob-rherale	company	RHerAle/Eclipse-Engine, js/besselian.js and README (eclipseradar.com, AGPL-3.0)	https://github.com/RHerAle/Eclipse-Engine	Read the README summary and the source file (var/downloads/rherale_besselian.js). WGS84 flattening, Delta T shift at 1.002738*15 arcsec/s, central line at 6-s steps, limits perpendicular to ground-relative motion with 5 iterations and the 5 km low-latitude remark, outlines at 181 angles to convergence, obscuration grid 640x320x121 and contour refinement to 0.5 km, antimeridian and pole handling. Validation only against the project's own Python chain.
glob-skyfield-1078	unsourced	skyfielders/python-skyfield issue 1078: Solar Eclipse calculation routine	https://github.com/skyfielders/python-skyfield/issues/1078	Read. PR 1076 adds eclipse detection and classification by the lunar-eclipse minimum-angle method; no path computation.
glob-skyfield-801	company	skyfielders/python-skyfield discussion 801: Finding lat/lon during an eclipse (Brandon Rhodes)	https://github.com/skyfielders/python-skyfield/discussions/801	Read. Rhodes explains why the Sun's subpoint is not the shadow, that a line-ellipsoid intersection is needed, and that Skyfield has no shadow-path routine.
glob-sr123	company	SR123/eclipse-2026, README and eclipse.js	https://github.com/SR123/eclipse-2026	Read the README summary and grepped the source. NASA elements with t0 = 18:00 TDT and Delta T = 71.4 s, Meeus Astronomical Algorithms ch. 54, per-location contacts by bisection, warning about polynomial sensitivity at the path edge.
glob-stellarium-sec	company	Stellarium, src/core/SolarEclipseComputer.cpp (master)	https://raw.githubusercontent.com/Stellarium/stellarium/master/src/core/SolarEclipseComputer.cpp	Read the source (var/downloads/stellarium_SolarEclipseComputer.cpp). Besselian elements at run time with 6378.1366 km, 696,000 km, k=0.2725076 and s=0.272281; zetaFromQ from ES 2013 eq. 11.81; Newton solve of the limit polynomial; central line, duration, Mikhailov path width, outlines, rise/set by ellipse-circle Newton solve, maximum at rise/set; PNG and KML output. Cites ES 1961, 1992, 2013 and IERS 2003.
glob-svs-4517	primary	NASA SVS 4517, Umbra Shapes, Ernie Wright	https://svs.gsfc.nasa.gov/4517/	Read from the Wayback Machine snapshot of 2025-12-10. Describes the limb-profile construction from a rotated DEM point cloud, SRTM observer elevations, the up-to-3 km southeastward shift in 2017, and the red ellipse / white limb / dark grey terrain shapes.
glob-svs-4518	primary	NASA SVS 4518, 2017 Total Solar Eclipse Map and Shapefiles, Ernie Wright	https://svs.gsfc.nasa.gov/4518/	Read from the Wayback Machine snapshot of 2025-12-20. Lists the nine 2017 shapefiles and the 1-second set (6000 umbra shapes 17:12-18:52 UTC at ~100 m precision, path at 250 m, centre polyline, durations at 30 s), WGS84 lat-lon projection, LRO/Kaguya limb, DE421.
glob-svs-5073	primary	NASA SVS 5073, The 2023 and 2024 Solar Eclipses: Map and Data, Ernie Wright	https://svs.gsfc.nasa.gov/5073/	Read from the Wayback Machine snapshot of 2026-01-02. Combined 2023 annular and 2024 total map with the same data inputs; the source NOAA cites for its shapefiles.
glob-svs-5123	primary	NASA SVS 5123, The 2024 Total Solar Eclipse (map and shapefiles), Ernie Wright and Michala Garrison	https://svs.gsfc.nasa.gov/5123/	Read from the Wayback Machine snapshot of 2025-12-09 (svs.gsfc.nasa.gov refused connections). Lists 2024eclipse_shapefiles.zip contents (center, duration 30 s, ppath 5%, ppath01 1%, umbra_hi 1 s, umbra_lo 10 s, upath_hi, upath_lo), and the SRTM, LRO, DE421 inputs.
glob-svs-5219	primary	NASA SVS 5219, 2024 Path of Totality, Ernie Wright	https://svs.gsfc.nasa.gov/5219/	Read from the Wayback Machine snapshot of 2025-12-12. States the 2024 umbra and path were calculated accounting for Earth elevations and the irregular lunar limb; SRTM, LOLA, DE421.
glob-svs-5366	primary	NASA SVS 5366, Solar Eclipse Shadow Shape Explained, Ernie Wright	https://svs.gsfc.nasa.gov/5366/	Read from the Wayback Machine snapshot of 2026-03-06. Pinhole-image explanation of the polygonal umbra, 49 contributing valleys in 2017, reference to the 2024 Astronomical Journal paper.
glob-swisseph-doc	company	Swiss Ephemeris Programmer's Documentation, eclipse functions (Astrodienst)	https://www.astro.com/swisseph/swephprg.htm	Read the eclipse sections. Return arrays of swe_sol_eclipse_where, _when_glob, _how, _when_loc; eclipse type flags; attr indices for magnitude, ratio, obscuration and core-shadow diameter.
glob-swisseph-swecl	company	Swiss Ephemeris source, swecl.c, function eclipse_where (aloistr/swisseph mirror)	https://raw.githubusercontent.com/aloistr/swisseph/master/swecl.c	Read the source (var/downloads/swecl.c). Vector method: s0, r0, d0, D0, centrality test, oblateness by z-scaling with one iteration, DMOON 3476300 m, DSUN 1392000000 m or 1391978489.9 m, Earth radius 6378140 m; returns the central point and umbra diameter only.
glob-timeanddate-magnitude	company	timeanddate.com, What Does the Magnitude of an Eclipse Mean?	https://www.timeanddate.com/eclipse/magnitude.html	Not read directly; known from a search-index summary that distinguishes magnitude (diameter fraction) from obscuration (area fraction) and states centre-of-mass lunar positions without limb effects. The 2024 map page returned HTTP 403 and its archive copy contained only navigation.
glob-umbra-rs	unsourced	RyuuNeko1107/umbra-rs, README	https://github.com/RyuuNeko1107/umbra-rs	Read the README summary. Pure-Rust engine with crates for ephemeris, Besselian elements, central line and limits; all work in progress, precision targets not yet validated.
glob-usno-sec	primary	USNO Solar Eclipse Computer (Astronomical Applications Department)	https://aa.usno.navy.mil/data/SolarEclipses	Read. Local circumstances only, by iterating topocentric positions; IAU radii 696,000 km and 1737.4 km; no limb profile; refraction-corrected altitudes.
glob-usra-2024	company	USRA newsroom, A New Process Brings Precision to Eclipse Mapping (2024-09-26)	https://newsroom.usra.edu/a-new-process-brings-precision-to-eclipse-mapping/	Read from the Wayback Machine snapshot (direct fetch returned 403). Press release naming the paper, its DOI and the LRO input; describes the per-pixel rendering approach.
glob-wright-young-2024	peer-reviewed	Wright, E. and Young, C. A., A Raster-oriented Method for Creating Eclipse Maps, The Astronomical Journal 168:163 (2024), doi:10.3847/1538-3881/ad6b23	https://doi.org/10.3847/1538-3881/ad6b23	Abstract read via the Crossref API (IOPscience blocked the fetch). States that ignoring the terrain of both bodies introduces errors of order kilometres in the ground track and seconds in duration and contact times, and that the raster method has been used since December 2016. Full text not read.
limb-andrmoel-lunar-limb-profile	company	andrmoel/astronomy-bundle-js, package lunarLimbProfile (README and utils/limbProfile.ts)	https://github.com/andrmoel/astronomy-bundle-js/blob/master/packages/lunarLimbProfile/README.md	README and the utils/limbProfile.ts source read through WebFetch. TypeScript package that bilinearly samples an LDEM .img, searches psi from 87 to 93 deg in 0.02 deg steps along a position angle, and returns the excess apparent radius over the 1737.4 km sphere. No validation against observations is documented.
limb-araki-2009	peer-reviewed	Araki, H. et al. (2009). Lunar global shape and polar topography derived from Kaguya-LALT laser altimetry. Science 323, 897-900	https://doi.org/10.1126/science.1164146	Not read (paywalled). Cited for the first complete polar topography and the spherical harmonic shape model to degree 359 on a quarter-degree grid, via search summaries and the Sigismondi thesis.
limb-barker-2016-sldem	peer-reviewed	Barker, M. K., Mazarico, E., Neumann, G. A., Zuber, M. T., Haruyama, J. and Smith, D. E. (2016). A new lunar digital elevation model from the Lunar Orbiter Laser Altimeter and SELENE Terrain Camera. Icarus 273, 346-355	https://doi.org/10.1016/j.icarus.2015.07.039	Not read (publisher returned 403). The 512 pix/deg resolution, the 3 to 4 m vertical accuracy, the 1737.4 km reference and the 1737.1512 km mean radius are taken from the PGDA product page, the ODE help page and a search summary of the abstract.
limb-besselianelements-reentrant	trade	Besselian Elements blog (Irwin, J. and Quaglia, L.). Re-Entrant Totality	https://www.besselianelements.com/re-entrant-totality/	Read. A 2026 Greenland location where the polygonal umbra edge lets an observer enter totality, exit for about 2 s, and re-enter; the result flips with a 0.05 arcsec change in solar radius.
limb-darts-kaguya-faq	primary	JAXA DARTS. Kaguya Frequently Asked Questions	https://darts.isas.jaxa.jp/missions/kaguya/faq.html	Read. LALT grid at 16 pixels/deg (about 1.9 km) under sln-l-lalt-5-topo-ggt-map-v2.0; SLDEM2013 from the Terrain Camera at 4096 pixels/deg (about 7.4 m).
limb-dunham-1980-science	peer-reviewed	Dunham, D. W., Sofia, S., Fiala, A. D., Herald, D. and Muller, P. M. (1980). Observations of a probable change in the solar radius between 1715 and 1979. Science 210, 1243-1245	https://doi.org/10.1126/science.210.4475.1243	Not read (paywalled); cited through Herald 1983 and Fiala et al. 1994 as the first published solar-radius result from eclipse-edge Baily's bead timings reduced with Watts profiles.
limb-dunham-rasc-2026	trade	Dunham, D. W. (2026). Lunar Occultations. RASC Observer's Handbook 2026	https://occultations.org/publications/rasc/2026/lunar26.pdf	Read (pdftotext). States that graze observations complement LRO laser ranging and have revealed small residual errors still under investigation, and that graze zones are 2 to 3 km wide.
limb-eclipse-orchestrator-lro	company	Moonglow Technologies. Lunar Reconnaissance Orbiter data for Limb Profiles (Eclipse Orchestrator)	http://www.moonglowtechnologies.com/products/EclipseOrchestrator/LRO.shtml	Read (curl). Describes building a limb file from 90 GB of LOLA RDR shots filtered to 434 million points, merged with Kaguya, and states that mountains missed by one mission change 2010 contact times by up to 0.5 s.
limb-eclipsetours-edge	trade	Nugent, R. Eclipse Edge Observation (eclipsetours.com)	https://www.eclipsetours.com/eclipse-edge-observation/	Read. IOTA field practice: sites 1 to 3 km inside the path edge, beads lasting a minute or more at the edge, timing to 0.5 s, positions to 30 m and 20 m elevation, bead sizes from 1 to 2 km valleys down to 50 to 200 m features. Mentions only Watts data.
limb-eclipsewise-limb	company	Espenak, F. Lunar Limb Profile and Eclipse Predictions. EclipseWise	https://eclipsewise.com/solar/SEhelp/SElimb.html	Read. Same text as the NASA page with the added statement that Kaguya and LRO data bring the accuracy to about 0.2 seconds.
limb-espenak-limb-page	primary	Espenak, F. The Lunar Limb Profile and Eclipse Predictions. NASA Eclipse Web Site	https://eclipse.gsfc.nasa.gov/SEhelp/limb.html	Read. Summary of Watts, the 0.4 arcsec systematic errors, the 2 to 3 second uncorrected error, the 0.5 second Watts-corrected agreement and the 0.2 second Kaguya/LRO level.
limb-espenak-tp2001	primary	Espenak, F. and Anderson, J. (1999). Total Solar Eclipse of 2001 June 21. NASA/TP-1999-209484	https://eclipse.gsfc.nasa.gov/SEpubs/20010621/text/lunar-limb-profile.html	Read from the local PDF text. Sections Mean Lunar Radius, Lunar Limb Profile and Limb Corrections to the Path Limits: Graze Zones. Source of the two k values, equations [8] and [9], the Lusaka worked example, Table 6 path corrections, the 5 to 10 km graze zone and the interior/exterior graze definitions.
limb-fiala-dunham-sofia-1994	peer-reviewed	Fiala, A. D., Dunham, D. W. and Sofia, S. (1994). Variation of the solar diameter from solar eclipse observations, 1715-1991. Solar Physics 152, 97-104	https://articles.adsabs.harvard.edu/pdf/1994SoPh..152...97F	Read pages 97-102 from the ADS scan. Describes the IOTA edge-observation method (Sofia, Dunham and Fiala 1979), its dependence on Watts data, and Table II of solar-radius corrections per eclipse relative to 959.63 arcsec.
limb-gunasekera-2011-ipsl	preprint	Gunasekera, S., Adassuriya, J., Medagangoda, I., Fernando, L. H. J. D. K. and Jayaratne, K. P. S. C. (2011). Solar radius determination using Baily beads observations of annular solar eclipse on 15 January 2010 in Sri Lanka. Proceedings of the Technical Sessions, Institute of Physics Sri Lanka 27, 107-113	https://ipsl.lk/documents/TechSession/2011/ipsl11-15.pdf	Read (pdftotext). Southern-limit bead timings with Occult 4 and the Kaguya profile gave a solar radius correction of +0.26 plus or minus 0.18 arcsec, i.e. 959.89 arcsec.
limb-herald-1983	peer-reviewed	Herald, D. (1983). Correcting predictions of solar eclipse contact times for the effects of lunar limb irregularities. Journal of the British Astronomical Association 93, 241-246	https://articles.adsabs.harvard.edu/pdf/1983JBAA...93..241H	Read in full from the ADS scan (page images). The displacement-curve method: h = 960 (M-1)(1-cos P), r = 0.97 M n arcsec per second, radial rate r cos(PA-N), the path-limit factor 1.863 km per arcsec times sqrt(sin^2 D / sin^2 a + cos^2 D), the limiting magnitudes for total and annular eclipses, and the error budget.
limb-iota-2026-predictions	trade	Dunham, D. W. (2025). IOTA occultation predictions for 2026: using Occult 4 to compute your own	http://www.lunar-occultations.com/iota/2026iotapredictions.pdf	Read (curl and pdftotext). Instructions for Occult 4 graze profiles: under Kaguya/LOLA profile data select LOLA with HiRes, leave Observed data at None because Watts-era observed corrections are obsolete; computing detailed profiles is computer-intensive.
limb-jubier-map-help	company	Jubier, X. Solar Eclipses Interactive Google Maps: help page	http://xjubier.free.fr/en/site_pages/solar_eclipses/xSE_GoogleMap3_Help.html	Read from a local copy. Defines the LC column (limb correction in seconds added to the uncorrected contact time), states the IAU 1976 solar radius 959.63 arcsec is used, the true photospheric value is closer to 959.98 arcsec, and that limb corrections change totality start and end by a few seconds.
limb-jubier-sem-beads-window	company	Jubier, X. Solar Eclipse Maestro Help: Baily's Beads Study Window	http://xjubier.free.fr/en/site_pages/solar_eclipses/Solar_Eclipse_Maestro_Help/pgs/c1sem70.html	Read (curl). LRO profile with the solar limb drawn at C2 and C3, a time slider, corrected contacts C2' and C3', heights in arcsec against k = 0.2725076.
limb-jubier-sem-limb-window	company	Jubier, X. Solar Eclipse Maestro Help: LRO-Kaguya-Watts Lunar Limb Profiles Window	http://xjubier.free.fr/en/site_pages/solar_eclipses/Solar_Eclipse_Maestro_Help/pgs/c1sem63.html	Read (fetched with curl; the WebFetch proxy refused the host). States the three profiles shown, the Morrison/Appleby 1981 and Rossello/Jordi 1991 Watts corrections, the 0.241 deg Watts-to-axis angle offset, k = 0.2725076 = 1738.091 km, and the text export of the profile for the current topocentric libration.
limb-lalt-ggt-map-label	primary	JAXA DARTS. SELENE LALT global grid topographic map label LALT_GGT_MAP.lbl (SLN-L-LALT-5-TOPO-GGT-MAP-V2.0)	https://data.darts.isas.jaxa.jp/pub/pds3/sln-l-lalt-5-topo-ggt-map-v2.0/data/LALT_GGT_MAP.lbl	Read. 16 pixel/deg, 1.8952094015 km/pixel, A_AXIS_RADIUS 1737.400 km, PC_REAL 32-bit in km, MEAN EARTH/POLAR AXIS OF DE421, heights relative to a 1737.4 km sphere centred on the centre of mass, produced with GMT sphinterpolate.
limb-lola-gdr-dir	primary	PDS Geosciences Node. LRO LOLA GDR cylindrical img directory listing	https://pds-geosciences.wustl.edu/lro/lro-l-lola-3-rdr-v1/lrolol_1xxx/data/lola_gdr/cylindrical/img/	Read. Lists ldem_4 (2.07 MB), ldem_16 (33.2 MB), ldem_64 (530.8 MB), ldem_128 (2.12 GB), ldem_256, ldem_512 and 1024 pix/deg tiles of 943.7 MB each, with .lbl and .xml labels.
limb-lola-gdr-dscat	primary	PDS Geosciences Node. LOLA GDR data set catalog gdr_ds.cat	https://pds-geosciences.wustl.edu/lro/lro-l-lola-3-rdr-v1/lrolol_1xxx/catalog/gdr_ds.cat	Read. States the GDR is raster DEMs with detached labels at 4, 16, 64, 128, 256 and 512 pix/deg plus sparse 1024 pix/deg maps and polar stereographic maps from 240 m down to 5 m per pixel.
limb-lola-ldem128-label	primary	PDS Geosciences Node. LRO LOLA GDR label ldem_128.lbl (LRO-L-LOLA-4-GDR-V1.0, V3.0)	https://pds-geosciences.wustl.edu/lro/lro-l-lola-3-rdr-v1/lrolol_1xxx/data/lola_gdr/cylindrical/img/ldem_128.lbl	Read. 128 pix/deg, 236.901 m/pix, A_AXIS_RADIUS 1737.4 km, OFFSET 1737400, SCALING_FACTOR 0.5, 16-bit, MEAN EARTH/POLAR AXIS OF DE421, data 2009-07-13 to 2016-11-29.
limb-ltvt-kaguya-wiki	company	fermigas/ltvt wiki. Obtaining Kaguya DEM data (Lunar Terminator Visualization Tool)	https://github.com/fermigas/ltvt/wiki/Obtaining-Kaguya-DEM-data	Read. LTVT reads LALT_GGT_MAP.IMG (63 MB, 16 points/deg) and the two polar files at 64 points/deg from DARTS.
limb-morrison-1979	peer-reviewed	Morrison, L. V. (1979). An analysis of lunar occultations in the years 1943-1974 for corrections to the constants in Brown's theory, the right ascension system of the FK4, and Watts' lunar-profile datum. MNRAS 187, 41	https://ui.adsabs.harvard.edu/abs/1979MNRAS.187...41M	Paper I of the series. Not read; cited through Morrison and Appleby 1981 for the elliptical datum and the centre-of-figure displacement of 0.72 arcsec in longitude.
limb-morrison-appleby-1981	peer-reviewed	Morrison, L. V. and Appleby, G. M. (1981). Analysis of lunar occultations III. Systematic corrections to Watts' limb-profiles for the Moon. MNRAS 196, 1013-1020	https://articles.adsabs.harvard.edu/pdf/1981MNRAS.196.1013M	Read in full from the ADS scan (OCR text). Source of the harmonic correction formula, the 1737.97 km datum radius, the +0.04 arcsec radius term, the -0.18 arcsec latitude shift, the -0.09 arcsec ellipticity, the +0.50 arcsec sin Q centre-of-figure term, and the 0.4 arcsec peak error.
limb-nasa-accurate-maps-2024	primary	NASA Science (2024). NASA develops process to create very accurate eclipse maps	https://science.nasa.gov/solar-system/skywatching/eclipses/solar-eclipses/nasa-develops-process-to-create-very-accurate-eclipse-maps	Read. Press description of the Wright and Young paper: pixel-by-pixel rendering, LRO topography, several seconds of timing effect, the potato-shaped umbra.
limb-occult-accuracy-2016	company	Herald, D. (2016-11-20). Update to Occult and Observations	http://www.lunar-occultations.com/iota/bstar/occultaccuracy.htm	Read (curl). States that a position-angle error of up to 0.2 deg in the traditional method corrupted the limb correction, and that with the LOLA lunar limb (Occult download #26) most occultation predictions are within 0.3 s of observation.
limb-occult-tutorial-preston-2019	company	Preston, S. (2019). Occult v4 Overview	https://occultations.org/documents/OccultTutorial.pdf	Read from a local text copy. Confirms the LOLA lunar limb data download, the Show LOLA high resolution limb option on graze profiles, and the remark that with Gaia and LOLA grazes no longer yield unique limb information.
limb-ode-sldem	primary	PDS Orbital Data Explorer. LRO LOLA Digital Elevation Model Coregistered with Selene Data (SLDEM)	https://ode.rsl.wustl.edu/moon/pagehelp/Content/Missions_Instruments/LRO/LOLA/SLDEM.htm	Read. 43200 SELENE DEMs plus 4.5 billion LOLA heights, about 60 m effective resolution, typical vertical accuracy about 3 to 4 m, file name convention SLDEM2015_PPP_NNND_SSSD_MMM_OOO_FLOAT.
limb-pgda-sldem2015	primary	NASA GSFC Planetary Geodesy Data Archive. High-resolution Lunar Topography (SLDEM2015), product 54	https://pgda.gsfc.nasa.gov/products/54	Read. Coverage 60S to 60N, LOLA vertical precision about 10 cm and accuracy about 1 m, TC effective resolution 60 to 100 m, the two-step co-registration, download paths at imbrium.mit.edu.
limb-raponi-sigismondi-2011-ldf	preprint	Raponi, A. and Sigismondi, C. (2011). Solar Limb Darkening Function from Baily's Beads Observations. arXiv:1112.0403	https://arxiv.org/abs/1112.0403	Abstract read. Reports light from the solar limb detected at least 0.65 arcsec beyond the LDF inflection point in the 2010-01-15 eclipse videos.
limb-raponi-sigismondi-2012	peer-reviewed	Raponi, A., Sigismondi, C., Guhl, K., Nugent, R. and Tegtmeier, A. (2012). The measurement of solar diameter and limb darkening function with the eclipse observations. Solar Physics 278, 269-283 (arXiv:1109.3559)	https://arxiv.org/abs/1109.3559	Read the opening sections from the arXiv PDF. Defines the solar limb as the inflection point of the limb darkening function and uses the Kaguya limb profile with bead light curves.
limb-sigismondi-2009-guidelines	peer-reviewed	Sigismondi, C. (2009). Guidelines for measuring solar radius with Baily beads analysis. Science in China Series G 52, 1773-1777	https://doi.org/10.1007/s11433-009-0233-8	Not read (paywalled). Abstract via search summary: two reduction procedures, one on limb heights and one on times, for beads timed from central-eclipse video with a known lunar limb profile.
limb-sigismondi-beads-atlas-2009	peer-reviewed	Sigismondi, C., Dunham, D. W., Guhl, K. et al. (2009). Baily's Beads Atlas in 2005-2008 Eclipses. Solar Physics 258, 191-202	https://doi.org/10.1007/s11207-009-9400-3	Not read (paywalled). Cited as the atlas of bead timings reduced with the Watts profile in Occult 4, identified by Watts angle.
limb-sigismondi-thesis-2011	preprint	Sigismondi, C. (2011). High precision ground-based measurements of solar diameter in support of PICARD mission. PhD thesis, Nice and Rome (arXiv:1112.5878)	https://arxiv.org/abs/1112.5878	Read the sections on Kaguya versus Watts. Source of the Kaguya sampling of 1.5 km and 1 m height accuracy, the 0.20 arcsec Watts precision, Table 3.1 of Watts datum radii, and Table 3.2 comparing Watts and Kaguya contact times at Hao atoll for 2010-07-11.
limb-sldem2015-label	primary	PDS Geosciences Node. SLDEM2015 label sldem2015_128_60s_60n_000_360_float.lbl (V2.0)	https://pds-geosciences.wustl.edu/lro/lro-l-lola-3-rdr-v1/lrolol_1xxx/data/sldem2015/global/float_img/sldem2015_128_60s_60n_000_360_float.lbl	Read. 128 pix/deg, 0.236901 km/pix, A_AXIS_RADIUS 1737.4 km, PC_REAL 32-bit in km, MEAN EARTH/POLAR AXIS OF DE421, GRGM900B gravity for geolocation, heights -8.717 to +10.778 km, coverage 60S to 60N.
limb-smith-2010-lola	peer-reviewed	Smith, D. E. et al. (2010). Initial observations from the Lunar Orbiter Laser Altimeter (LOLA). Geophysical Research Letters 37, L18204	https://doi.org/10.1029/2010GL043751	Not read (publisher and mirrors returned 403 or 405). The centre-of-mass to centre-of-figure offset of 1.9347 km toward 7.12 N, 202.38 E and the 10 m radial, 100 m spatial grid accuracy are taken from a search summary and should be verified against the paper.
limb-stellarium-issues	company	Stellarium GitHub issue search: lunar limb profile	https://github.com/Stellarium/stellarium/issues?q=lunar+limb+profile	Read. The query returns no issue about a lunar limb profile, limb topography or Baily's beads; used as the negative finding that Stellarium does not model the limb.
limb-svs-12412	primary	NASA SVS 12412: Tracing the 2017 Solar Eclipse (Wright, E., released 2016-12-14)	https://svs.gsfc.nasa.gov/12412/	Read from a Wayback Machine snapshot dated 2026-01-23. The narrated 2017 path video; states the polygonal shadow derives from LRO limb data.
limb-svs-4517	primary	NASA SVS 4517: Umbra Shapes (Wright, E., released 2016-12-13)	https://svs.gsfc.nasa.gov/4517/	Read from a Wayback Machine snapshot dated 2025-12-10 because the live host refused connections. Describes the point-cloud limb method, SLDEM2015, SRTM, DE421, the polygonal umbra, the up to 3 km elevation shift and the 18x exaggerated limb animation.
limb-svs-5073	primary	NASA SVS 5073: The 2023 and 2024 Solar Eclipses: Map and Data (Garrison, M. and Wright, E., released 2023-03-08; DOI 10.5281/zenodo.17145181)	https://svs.gsfc.nasa.gov/5073/	Read from a Wayback Machine snapshot dated 2026-01-02. Lists the released shapefiles and KML (center, duration, ppath, umbra_hi at 1 s, umbra_lo at 10 s, upath) and the datasets used (SRTM, LOLA, SLDEM2015, DE421). No limb-profile file is released.
limb-svs-5219	primary	NASA SVS 5219: 2024 Path of Totality (Wright, E.)	https://svs.gsfc.nasa.gov/5219/	Read from a Wayback Machine snapshot dated 2025-12-12. States the 2024 umbra and path were computed with Earth elevations and the irregular lunar limb, datasets LOLA, SLDEM2015, SRTM, DE421.
limb-svs-5365	primary	NASA SVS 5365: Broken Annular Baily's Beads Simulation (Wright, E., released 2024-09-19)	https://svs.gsfc.nasa.gov/5365/	Read from a Wayback Machine snapshot dated 2026-01-18. Real-time bead simulation for the 2005-04-08 hybrid eclipse at 94.02587 W, 6.45677 N, 21:55:20.5 to 21:55:35.5 UTC, using SLDEM2015 and DE421.
limb-vizier-vi122	primary	VizieR catalogue VI/122: The Marginal Zone of the Moon (Watts 1963), digitised by HMNAO and USNO, documentation file	https://vizier.cfa.harvard.edu/vizier/ftp/cats/vi/122/doc.txt	Read in full. Gives the record layout of WATTS.TXT, the libration grid (L -9 to +9, B -8 to +8 in 0.2 deg steps), 1800 Watts-angle points per block, the +0.21 deg Watts-angle offset, the 1.564 versus 1.542 deg inclination correction, the accuracy codes, and the photograph sequences 1927 to 1956.
limb-watts-1963	primary	Watts, C. B. (1963). The Marginal Zone of the Moon. Astronomical Papers prepared for the use of the American Ephemeris and Nautical Almanac, Vol. XVII	https://cdsarc.cds.unistra.fr/viz-bin/cat/VI/122	The 1800 photographic limb charts at 0.2 deg steps in Watts angle, contour interval 0.2 arcsec. Not read in the original; its construction and datum are described from the VizieR VI/122 documentation, Morrison and Appleby 1981, Herald 1983 and Espenak's bulletins.
limb-wright-young-2024	peer-reviewed	Wright, E. and Young, C. A. (2024). A Raster-oriented Method for Creating Eclipse Maps. The Astronomical Journal 168, 163	https://doi.org/10.3847/1538-3881/ad6b23	Read through the IOP HTML in several targeted passes (the PDF download returned a script page). Source of the DEM-to-limb-profile algorithm, the L = 18000 bin recommendation, the 0.01 deg libration refresh threshold, the totality test rho, the 49-sided umbra, the 696000 km solar radius, DE440 and the Moon ME frame, and the Herald 1983 history.
loc-5mcse-text	primary	Fred Espenak and Jean Meeus, NASA TP 2009-214174 "Five Millennium Catalog of Solar Eclipses: -1999 to +3000", introductory text	https://eclipse.gsfc.nasa.gov/SEpubs/5MCSE.html	Read from the extracted PDF text (var/downloads/TP2009-214174.txt). Gives the centre-of-figure convention (+0.50 arcsec longitude, -0.25 arcsec latitude, not applied by the authors), the k history and the statement that ephemeris truncation errors are of order 1/40 s in eclipse phase times.
loc-aravpanwar-besselian	company	aravpanwar, "besselian: Solar eclipse local circumstances from Besselian elements, intersected with populated places"	https://github.com/aravpanwar/besselian	README read. Python; k1 = 0.272488 and k2 = 0.272281; Delta T = 76.0 s for 2027; validated greatest-eclipse altitude 81.69 versus 81.7 degrees and duration 382.5 s; notes limb adjustments of 1 to 3 s and 1 to 2 km.
loc-astropy-common-errors	company	astropy documentation, "Common mistakes" (coordinates)	https://docs.astropy.org/en/stable/coordinates/common_errors.html	Read via search summary only. Warns that separation() is evaluated in the frame of the first coordinate, so a barycentric ICRS separation is not the topocentric separation.
loc-be-2013-contacts	trade	Luca Quaglia, Konstantinos Emmanouilidis and John Irwin, "Timing of the internal contacts of the 2013 Nov 03 total solar eclipse by flash spectrum analysis" (Besselian Elements)	https://www.besselianelements.com/timing-of-the-internal-contacts-of-the-2013-nov-03-total-solar-eclipse/	Read. Observed C2 about 1 s later and C3 about 1 s earlier than predicted with 959.63 arcsec, duration about 2 s shorter; limb-profile sampling of 0.2 degrees can move a contact by 0.25 s; compatible radius 959.90 to 960.00 arcsec.
loc-be-maps-accuracy	trade	Besselian Elements team, "Experimentally Testing Eclipse Maps Accuracy" (2024 April 8, Stephenville, Texas)	https://www.besselianelements.com/eclipse-maps-accuracy/	Read. Observed C2 18:39:06.6 and C3 18:39:20.3 UTC, 13.7 s; Irwin's prediction 18:39:06.1 and 18:39:19.0 agreed within uncertainty while other published sources differed by tens of seconds at this near-edge site.
loc-be-solar-radius	trade	Besselian Elements team (Luca Quaglia, John Irwin and others), "The solar radius and its impact on eclipse computations"	https://www.besselianelements.com/the-solar-radius-and-its-impact-on-eclipse-computations/	Read. For 2017 August 21 at the Oregon/Idaho border, moving from 959.63 to about 960 arcsec shortens centreline totality from 130 s to 128 s and near the southern edge from 34 s to 13 s.
loc-buchanan-1904	survey	Roland Buchanan, "The Mathematical Theory of Eclipses according to Chauvenet's Transformation of Bessel's Method" (1904)	https://archive.org/stream/mathematicaltheo00buchuoft/mathematicaltheo00buchuoft_djvu.txt	Read from the archive.org OCR text (var/downloads/buchanan_djvu.txt). Gives Chauvenet's formulae for the angle of position Q = N + psi, the angle from the vertex V = Q - C (equations 276-279 and 380-385) and the old "digits" magnitude. Used as the accessible statement of Chauvenet's formulation.
loc-eclipse-chasers-calc	trade	Bill Kramer, "Calculator Details" (eclipse-chasers.com)	https://eclipse-chasers.com/html/tseCalculatorDetails.shtml	Read. DE200/LE200 centre-of-mass elements, refraction from tabulated standard atmospheres, horizon dip above 100 m, optional Watts or Kaguya/Herald limb corrections, deviation under 1 s in duration for most eclipses.
loc-eclipse-engine	company	R. Herrera Alegría, "Eclipse-Engine" (eclipseradar.com engine), js/besselian.js	https://github.com/RHerAle/Eclipse-Engine	README and js/besselian.js read (var/downloads/eclipse_engine_besselian.js). Observer from the geodetic latitude with N = 1/sqrt(1 - e^2 sin^2), height in units of 6378.1366 km, hour angle mu + lambda - 1.002738 Delta T, two-circle lens obscuration, NASA two-branch magnitude, golden-section for maximum and bisection for contacts on m - L1 and m - |L2|.
loc-eclipsewise-glossary	company	Fred Espenak, "Glossary of Solar Eclipse Terms" (EclipseWise)	https://www.eclipsewise.com/solar/SEhelp/SEglossary.html	Read. Definitions of eclipse magnitude, eclipse obscuration and the four contacts.
loc-eclipsewise-limb	company	Fred Espenak, "Lunar Limb Profile and Eclipse Predictions" (EclipseWise)	https://eclipsewise.com/solar/SEhelp/SElimb.html	Read. Same correction magnitudes as the NASA help page, with Kaguya and LRO named as the newer sources.
loc-eclipsewise-radius	company	Fred Espenak, "Solar Eclipse Predictions and the Mean Lunar Radius" (EclipseWise)	https://www.eclipsewise.com/solar/SEhelp/SEradius.html	Read. Gives k = 0.2724880 (USNO 1968-1980, penumbral and annular), k = 0.272281 (umbral contacts of total eclipses), k = 0.2725076 (IAU 1982), and the 2017 Illinois example 2m40.3s versus 2m44.3s.
loc-erikbern-2024	unsourced	Erik Bernhardsson, "Predicting solar eclipses with Python" (2024)	https://erikbern.com/2024/04/07/predicting-solar-eclipses-with-python.html	Read. Uses astropy get_body for Sun and Moon at an EarthLocation and minimises moon.separation(sun) with scipy Nelder-Mead. No contact times or obscuration.
loc-es1961-local	peer-reviewed	Explanatory Supplement to the Astronomical Ephemeris and the American Ephemeris and Nautical Almanac (1961), section 9D "Solar eclipses: local circumstances", pp. 241-249	https://archive.org/details/explanatorysupplement1961	Official almanac chapter. Read from the archive.org OCR text (var/downloads/es1961_djvu.txt, lines 40694-41460). Gives the observer coordinates, hourly variations, greatest phase, contact-time solution with the auxiliary angle psi, position angles Q and V, magnitude, degree of obscuration and the differential corrections for longitude, latitude, height and Delta T.
loc-es1992-ch8	peer-reviewed	Explanatory Supplement to the Astronomical Almanac (Seidelmann ed., 1992), chapter 8, section 8.36 "Local circumstances"	https://archive.org/details/131123ExplanatorySupplementAstronomicalAlmanac	Official almanac chapter. Read from the archive.org OCR text (var/downloads/es1992_djvu.txt, lines 47555-47720). Restates the 1961 method in vector form, recommends inverse interpolation on u^2+v^2-L^2, and gives the magnitude and obscuration derivations (8.3621 to 8.3623).
loc-es2013-ch11	primary	Explanatory Supplement to the Astronomical Almanac, 3rd edition (Urban and Seidelmann eds., 2013), chapter 11 "Eclipses of the Sun and Moon"	https://aa.usno.navy.mil/publications/exp_supp	Not read. Cited only through the USNO eclipse reference list, which describes chapter 11 as an update of the 1992 eclipse chapter.
loc-gae-double-diamond	company	Michael Zeiler, "Double Diamond Ring" (Great American Eclipse)	https://www.greatamericaneclipse.com/double-diamond-ring	Read. Kaguya-derived limb profiles from Herald, processed with Jubier's Solar Eclipse Maestro; each chord of the umbral polygon is one Baily's bead and a vertex between chords is where a double diamond ring is seen.
loc-horizons-manual	primary	JPL Solar System Dynamics, "Horizons manual"	https://ssd.jpl.nasa.gov/horizons/manual.html	Read. No eclipse product. Observer tables give apparent RA/Dec, angular diameter and elongation from a topocentric site with an optional refraction model, from which an eclipse can be assembled.
loc-jones-2026-frequency	preprint	Graham Jones, Renate Mauland-Hus, Frank Thomas Tveter, Anne Buckle and others (timeanddate), "The Frequency of Solar Eclipses for a Given Place: A New Approach to a Classic Question", arXiv:2602.04797	https://arxiv.org/abs/2602.04797	Read the abstract only. The timeanddate team's own eclipse engine applied to site frequency statistics.
loc-jsex-data-2001	primary	NASA GSFC, JSEX element file SE2001.js	https://eclipse.gsfc.nasa.gov/JSEX/SE2001.js	Read the header (var/downloads/jsex_SE2001.js). Each eclipse is 28 numbers: JD of t0, t0 in hours TDT, tmin, tmax, Delta T twice, then the x, y, d, mu, L1, L2 polynomial coefficients and tan f1, tan f2.
loc-jsex-index	primary	NASA GSFC, "JavaScript Solar Eclipse Explorer" index page	https://eclipse.gsfc.nasa.gov/JSEX/JSEX-index.html	Read. States authorship (O'Byrne, McCann, Espenak), that the Besselian elements and Delta T are those of the Five Millennium Canon, and the -1499 to +3000 validity limit set by Delta T uncertainty.
loc-jsex-key	company	Fred Espenak, "Key to JavaScript Solar Eclipse Explorer" (EclipseWise)	https://www.eclipsewise.com/solar/JSEX/JSEX-key.html	Read. Defines the output columns: magnitude as fraction of diameter, obscuration as fraction of area, (r) and (s) flags for events in progress at sunrise or sunset, duration of the central phase.
loc-jsex-program-js	primary	Chris O'Byrne and Fred Espenak, "Javascript Solar Eclipse Explorer", program.js (NASA GSFC, 2007, GPL)	https://eclipse.gsfc.nasa.gov/JSEX/program.js	Read in full (var/downloads/jsex_program.js, 1200 lines). The reference implementation of the Explanatory Supplement local-circumstances method in code: observer constants, time-dependent and time-and-location-dependent circumstances, Newton iteration for mid eclipse and the four contacts, P, V, altitude, azimuth, magnitude, obscuration and sunrise/sunset handling.
loc-jubier-calc-instr	company	Xavier Jubier, "Solar Eclipse Calculator and Diagram Instructions" (v1.0.6, 2007)	http://xjubier.free.fr/en/site_pages/SolarEclipseCalc_Instructions.html	Read (curl, var/downloads/jubier_calc_instr.html; the host refused the fetch tool). Defines P, V as o'clock, LC limb correction applied to C2 and C3, umbral depth, says refraction is not modelled, limb corrections change C2/C3 by a few seconds, extrapolated Delta T good to better than 0.5 s, and credits Meeus (Elements, Astronomical Algorithms) and Espenak for elements and limb data.
loc-jubier-sem-beads	company	Xavier Jubier, Solar Eclipse Maestro Help, "Baily's Beads Study Window"	http://xjubier.free.fr/en/site_pages/solar_eclipses/Solar_Eclipse_Maestro_Help/pgs/c1sem70.html	Read (curl). LRO limb profile against the Sun's limb at C2, C3 and maximum; horizontal axis position angle of axis in degrees, vertical axis arcseconds relative to k = 0.2725076 (1738.091 km); C2/C3 uncorrected and C2'/C3' corrected; the brown line is the reduced radius k2 used for uncorrected contacts.
loc-jubier-sem-what	company	Xavier Jubier, Solar Eclipse Maestro Help, "What Is Solar Eclipse Maestro?"	http://xjubier.free.fr/en/site_pages/solar_eclipses/Solar_Eclipse_Maestro_Help/pgs/c0sem.html	Read (curl). Lists refraction, lunar limb profile effects and Delta T correction as supported, UTC event times to sub-second, limb corrections and Baily's beads simulation, and the requirement to know the site to about 200 m and the clock to 0.5 s.
loc-libnova-src	company	libnova source tree, src/ (JohannesBuchner mirror)	https://github.com/JohannesBuchner/libnova/tree/master/src	File list read through the GitHub API. Contains solar.c, lunar.c, parallax.c, refraction.c and angular_separation.c but no eclipse module.
loc-meeus-aa-1998	survey	Jean Meeus, "Astronomical Algorithms", 2nd edition (Willmann-Bell, 1998), chapter 54 "Eclipses"	https://www.willbell.com/	Not read for this note. Chapter 54 gives gamma, u and the magnitude of a partial eclipse at greatest eclipse from the lunar phase theory. It does not give the observer-level Besselian reduction. Photo Ephemeris cites its Table 10.A for Delta T before 2006.
loc-meeus-elements-1989	survey	Jean Meeus, "Elements of Solar Eclipses 1951-2200" (Willmann-Bell, 1989)	https://www.willbell.com/	Not read. The book's local-circumstances chapter is known here only through Jubier's acknowledgement that it supplied the algorithms of his calculator, Photo Ephemeris' method statement, and Bill Gray's review. Its formulation is the Explanatory Supplement one.
loc-nasa-explain	primary	Fred Espenak, NASA GSFC, "Explanation of Solar Eclipse Predictions" (NASA eclipse bulletins reference)	https://eclipse.gsfc.nasa.gov/SEmono/reference/explain.html	Read. States DE200/LE200, centre-of-mass positions with no centre-of-figure, limb or refraction corrections, and the magnitude versus obscuration definitions.
loc-nasa-limb-help	primary	Fred Espenak, NASA GSFC, "The Lunar Limb Profile and Eclipse Predictions"	https://eclipse.gsfc.nasa.gov/SEhelp/limb.html	Read. Watts corrections bring predictions to better than 0.5 s, uncorrected times can be off by 2 to 3 s and more near the path limits, Kaguya and LRO data reach about 0.2 s.
loc-nasa-locirc-2001	primary	Fred Espenak and Jay Anderson, NASA TP 1999-209484 "Total Solar Eclipse of 2001 June 21", section "Local Circumstances Tables"	https://umbra.nascom.nasa.gov/eclipse/20010621/text/local-circumstances.html	Read. Defines P and V as measured counter-clockwise from the north and zenith points, states that for umbral eclipses the magnitude equals the topocentric ratio of diameters, that refraction, centre of figure and limb profile are not applied, and that elevation matters only near the umbral limits with the Sun below about 10 degrees.
loc-nasa-rp1383-alg	primary	Fred Espenak and Jay Anderson, NASA RP 1383 "Total Solar Eclipse of 1998 February 26", section "Algorithms, Ephemerides and Parameters"	https://umbra.nascom.nasa.gov/eclipse/980226/text/algorithms.html	Read. States DE200/LE200, Delta T = 63.4 s, k = 0.2722810 for umbral contacts and k = 0.2725076 for penumbral contacts.
loc-nasa-rp1383-limb	primary	Fred Espenak and Jay Anderson, NASA RP 1383 "Total Solar Eclipse of 1998 February 26", section "Lunar Limb Profile"	https://eclipse.gsfc.nasa.gov/SEpubs/19980226/text/lunar-limb-profile.html	Read. Describes the contact-time correction as the time between the Sun tangent to the mean limb and tangent to the lowest valley (total) or highest peak (annular) at the contact position angle, gives the Maracaibo example C2 = -2.5 s and C3 = -1.0 s, cites Herald (1983) and says the same operation predicts Baily's beads.
loc-occult4-page	company	David Herald, "Occult v4" program page	http://www.lunar-occultations.com/iota/occult4.htm	Read (curl). Lists solar and lunar eclipses among the phenomena Occult predicts and analyses. No method detail on the page.
loc-pasachoff-jubier-wright-2017	preprint	Jay M. Pasachoff, Xavier M. Jubier and Ernest T. Wright, "Syzygy Information: Lunar Limb Profiles at Total Solar Eclipses", DPS poster 417.17 (2017)	https://sites.williams.edu/eclipse/files/2020/10/ecl17-DPS-Provo-Bailysbeads-417.17-Jubier.pdf	Read (PDF via archive, var/downloads/jubier_poster.txt). States that the umbra outline is a polygon whose sides correspond to single limb valleys, that 18000 limb points reduce to 49 vertices for 2017 August 21 18:00 UTC, that terrain shifts the outline by about h cot(a), that the IAU 2015 radius would lengthen totality by up to 2 s, and proposes 959.98 +/- 0.02 arcsec as the photospheric radius.
loc-projectpluto-books	trade	Bill Gray, "Books about celestial mechanics and astronomical calculations" (Project Pluto)	https://www.projectpluto.com/books.htm	Read. States that the heart of "Elements of Solar Eclipses" is the use of Besselian elements, that it contained everything needed to implement eclipse and occultation computations, and that it does not discuss generating the elements.
loc-pyephem-quick	company	PyEphem documentation, "Quick Reference"	https://rhodesmill.org/pyephem/quick.html	Read. Bodies expose radius and size, separation() gives the angle between two positions, Observer has elevation, pressure and temperature for refraction. No eclipse function.
loc-rasnz-software	trade	RASNZ Occultation Section, "Software"	https://www.occultations.org.nz/software/software.htm	Read. States that Occult predicts solar eclipses, plots maps, computes local circumstances and computes Baily's bead predictions (Windows only).
loc-skyfield-807	unsourced	python-skyfield issue #807 "An idea(?) for finding a solar eclipse"	https://github.com/skyfielders/python-skyfield/issues/807	Read. A user proposes separation_from() between apparent topocentric Sun and Moon from wgs84.latlon as the eclipse detector. Feature request, no library function existed.
loc-skyfield-examples	company	Skyfield documentation, "Examples"	https://rhodesmill.org/skyfield/examples.html	Read. Contains the separation_from() and angular-diameter examples (arcsin(radius/distance) times 2). No solar eclipse example and no contact-time function.
loc-solareclipses-obscuration	unsourced	solareclipses.com, "Solar Eclipse Magnitude and Obscuration: classic derivation"	https://solareclipses.com/pages/obscuration_classic_derivation.html	Read. Closed form for obscuration from the magnitude M and radius ratio r with b = r + 1 - 2M, correcting a sign error in Sridhar et al.
loc-spamfour-solareclipse	unsourced	sPaMFouR, "SolarEclipse: Python script to aid with simulating local circumstances"	https://github.com/sPaMFouR/SolarEclipse	README read. astropy and astroplan based. No method statement.
loc-spice-gfoclt	primary	NAIF, CSPICE gfoclt_c documentation	https://naif.jpl.nasa.gov/pub/naif/toolkit_docs/C/cspice/gfoclt_c.html	Read. Occultation types FULL, ANNULAR, PARTIAL, ANY; shapes ELLIPSOID, POINT, DSK; aberration corrections NONE, LT, CN, XLT, XCN; step size must be shorter than the shortest event; SPICE_GF_CNVTOL convergence; example finds the December 2001 solar eclipse from the geocentre.
loc-spice-gfsep	primary	NAIF, CSPICE gfsep_c documentation	https://naif.jpl.nasa.gov/pub/naif/toolkit_docs/C/cspice/gfsep_c.html	Read. Angular separation search with shapes SPHERE and POINT and relations =, <, >, LOCMIN, LOCMAX, ABSMIN, ABSMAX.
loc-sr123-eclipse-2026	company	SR123, "eclipse-2026" interactive simulator, eclipse.js	https://github.com/SR123/eclipse-2026	README and eclipse.js read (var/downloads/sr123_eclipse.js). NASA elements for 2026 August 12 with Delta T = 71.4 s, rho sin/cos phi' with 0.99664719 and no height, lens-area obscuration, NASA two-branch magnitude. Cross-checked against NASA and timeanddate by its author.
loc-sridhar-2012	preprint	Sarrvesh Seethapuram Sridhar, S. Pradeep Sundar, I. Kenny Jackson and P. Kannan, "Detection and Analysis of Solar Eclipse", Proc. SPIE 8285 (2011), arXiv:1206.1437	https://arxiv.org/abs/1206.1437	Abstract read. Image-analysis derivation of magnitude and obscuration from eclipse photographs.
loc-stellarium-astrocalc	company	Stellarium, src/gui/AstroCalcDialog.cpp, function localSolarEclipse	https://github.com/Stellarium/stellarium/blob/master/src/gui/AstroCalcDialog.cpp	Read (var/downloads/stellarium_AstroCalcDialog.cpp, lines 3379-3445). Observer-level circumstances from the on-the-fly elements: xi, eta, zeta, u, v, the auxiliary angle, the time correction dt = L cos(psi)/n - (u u' + v v')/n^2, magnitude and altitude.
loc-stellarium-disc-2370	unsourced	Stellarium GitHub discussion #2370 "Eclipse Finder"	https://github.com/Stellarium/stellarium/discussions/2370	Read. Maintainer worachate001 says (2022) that lunar-eclipse contact times and solar eclipse maps were future enhancements. No method detail.
loc-stellarium-sec	company	Stellarium, src/core/modules/SolarEclipseComputer.cpp	https://github.com/Stellarium/stellarium/blob/master/src/core/modules/SolarEclipseComputer.cpp	Read (var/downloads/stellarium_SolarEclipseComputer.cpp). Computes Besselian elements on the fly from the geocentric apparent Sun and Moon with k = 0.2725076, s = 0.272281, Sun/Earth radius ratio 109.12278, and derivatives by +/-5 minute finite differences. Cites the 1961 Explanatory Supplement.
loc-sunpy-eclipse-amount	company	sunpy documentation, sunpy.coordinates.sun.eclipse_amount	https://docs.sunpy.org/en/stable/generated/api/sunpy.coordinates.sun.eclipse_amount.html	Read. Obscuration from an observer SkyCoord with a constant lunar radius, moon_radius='IAU' (0.2725076) or 'minimum' (0.272281), light-time included, JPL ephemeris recommended.
loc-swecl-c	company	Swiss Ephemeris, swecl.c (functions eclipse_how, eclipse_when_loc, swe_sol_eclipse_how, swe_sol_eclipse_when_loc)	https://raw.githubusercontent.com/aloistr/swisseph/master/swecl.c	Read (var/downloads/swecl.c). Direct topocentric implementation: DSUN = 1392000 km, DMOON = 3476.3 km, angular separation from unit vectors, two-circle lens obscuration, rmoon scaled by 0.99916 for second and third contacts, bracketing search with find_zero.
loc-swephprg	company	Astrodienst, "Swiss Ephemeris Programming Interface", sections on swe_sol_eclipse_how and swe_sol_eclipse_when_loc	https://www.astro.com/swisseph/swephprg.htm	Read. Documents attr[0] fraction of diameter, attr[1] ratio of diameters, attr[2] obscuration, attr[8] NASA-style magnitude, and tret[0..6] maximum, contacts one to four, sunrise and sunset.
loc-timeanddate-accuracy	company	timeanddate.com, "How accurate are our eclipse calculations?"	https://www.timeanddate.com/eclipse/accuracy.html	Read via search summary. Delta T uncertainty dominates far from the present, path edges limited to 1 to 2 km by the lunar limb profile.
loc-tpe-beads-verification	company	Crookneck Consulting, "Verification of Baily's Beads Simulation" (The Photographer's Ephemeris)	https://photoephemeris.com/en/help/photo-ephemeris-web/verification-of-bailys-beads-simulation/	Read. Kaguya/Herald limb data; default solar radius 959.95 arcsec; 960.01 arcsec (Guhl 2023) gave the best match for the 2023 annular eclipse video beads.
loc-tpe-technote	company	Crookneck Consulting, "Technical Note: Solar Eclipse Functionality" (The Photographer's Ephemeris)	https://photoephemeris.com/en/help/photo-ephemeris-web/technical-note-solar-eclipse-functionality	Read. Method from Meeus Elements, the Astronomical Almanac 2023 and the 3rd edition Explanatory Supplement; Espenak's NASA elements; Delta T from Meeus Table 10.A, USNO deltat.data and deltat.preds and the NASA polynomial; smooth Moon with limb effects "typically a few seconds, up to about 15 s"; refraction applied to altitude with circular limbs; SRTM/ASTER elevation.
loc-umbra-rs	unsourced	RyuuNeko1107, "umbra-rs: experimental pure-Rust solar eclipse prediction engine"	https://github.com/RyuuNeko1107/umbra-rs	README read. Work in progress at milestone 1, crates unpublished, local circumstances not yet implemented.
loc-usno-eclipse-ref	primary	USNO Astronomical Applications Department, "Eclipse Reference List"	https://aa.usno.navy.mil/faq/eclipse_ref	Read. Lists Chauvenet vol. 1 ch. X, Green (1985) ch. 18, the 3rd edition Explanatory Supplement ch. 11 and Meeus as the references for eclipse computation.
loc-usno-sec	primary	USNO Astronomical Applications Department, "Solar Eclipse Computer" (data service description)	https://aa.usno.navy.mil/data/SolarEclipses	Read. States the direct topocentric method: iterate topocentric Sun and Moon positions to find maximum eclipse, then search backwards and forwards for the contacts, with IAU radii Sun 696000 km and Moon 1737.4 km, and altitude corrected for standard refraction.
moon-ahrens-ntrs	primary	Ahrens (2022). Center of Mass and Center of Figure of Moon, Gravity and Inertia. NASA NTRS 20220000509	https://ntrs.nasa.gov/api/citations/20220000509/downloads/MoonCenterGravity_Ahrens.pdf	Read from the PDF (var/downloads/ahrens_moon_com_cof.txt). Collects historical offsets: Clementine (Smith et al. 1997) (-1.74, -0.75, 0.27) km, Apollo-era -2.55 km toward 25 deg E with mean radius 1737.7 km, Ransford and Sjogren offset-core model.
moon-araki-2009	peer-reviewed	Araki et al. (2009). Lunar Global Shape and Polar Topography Derived from Kaguya-LALT Laser Altimetry. Science 323, 897-900	https://doi.org/10.1126/science.1164146	Abstract only, via Europe PMC. Global topographic map at finer than 0.5 degree; the abstract carries no radius or centre-of-figure value.
moon-archinal-2011	peer-reviewed	Archinal et al. (2011). Report of the IAU Working Group on Cartographic Coordinates and Rotational Elements: 2009. Celestial Mechanics and Dynamical Astronomy 109, 101-135	https://aa.usno.navy.mil/downloads/reports/Archinaletal2011a.pdf	Read from the PDF (var/downloads/archinal2011_wgccre2009.txt). ME system recommended, 860 m PA/ME difference, closed formulae valid to about 150 m, DE421 the best lunar ephemeris with libration angles in the file, Moon mean radius 1737.4 +/- 1 km with equatorial and polar radii the same.
moon-archinal-2018	peer-reviewed	Archinal et al. (2018). Report of the IAU Working Group on Cartographic Coordinates and Rotational Elements: 2015. Celestial Mechanics and Dynamical Astronomy 130, 22	https://doi.org/10.1007/s10569-017-9805-5	Search-result abstract only (Springer required a cookie handshake the fetch tool could not complete). Cited only for the statement that the low-precision series for the Moon was removed in favour of the high-precision ephemeris-based realisation.
moon-astropy-solarsystem	company	astropy documentation: Solar System Ephemerides	https://docs.astropy.org/en/stable/coordinates/solarsystem.html	Read. get_body returns GCRS SkyCoord, get_body_barycentric returns ICRS Cartesian; builtin ephemeris from erfa plan94 and epv00 with Earth rms 4.6 km; solar_system_ephemeris.set('de430'/'de432s'/URL).
moon-astropy-source	company	astropy source: astropy/coordinates/solar_system.py (main branch)	https://raw.githubusercontent.com/astropy/astropy/main/astropy/coordinates/solar_system.py	Read via fetch extraction. Docstrings: get_body returns the apparent position, the body position at t minus the light travel time; _get_apparent_body_position corrects for light-travel time only; no mention of aberration.
moon-chapront-francou-2003	peer-reviewed	Chapront, Francou (2003). The lunar theory ELP revisited. Introduction of new planetary perturbations. Astronomy and Astrophysics 404, 735-742	https://doi.org/10.1051/0004-6361:20030529	Bibliographic metadata only, from the Crossref API. The abstract with the ELP/MPP02 vs DE405/DE406 accuracy figures could not be fetched (A&A and ADS refused the fetch tool).
moon-eclipsewise-2024	company	Espenak, EclipseWise: Total Solar Eclipse of 2024 Apr 08, prime page	https://eclipsewise.com/solar/SEprime/2001-2100/SE2024Apr08Tprime.html	Read. Predictions from JPL DE405, k (penumbra) 0.2725076 and k (umbra) 0.2722810, Delta T 71.5 s, lunar coordinates with respect to the centre of mass, UT1 = TD - Delta T.
moon-elp-mpp02-pypi	unsourced	elp-mpp02 Python package on PyPI (third-party port of ELP/MPP02)	https://pypi.org/project/elp-mpp02/	Read. States the two constant sets, LLR (mode=0) and DE405 (mode=1, historical), and coordinates for the mean equinox of J2000; no accuracy claims; no documented validation.
moon-es-1961	peer-reviewed	Explanatory Supplement to the Astronomical Ephemeris and the American Ephemeris and Nautical Almanac (1961), HMSO, eclipse chapter	https://archive.org/details/explanatorysupplement1961	Read from the OCR text (var/downloads/es1961_djvu.txt). Gravitational ephemerides refer to centres of mass while eclipses are governed by centres of figure; -0.5 arcsec latitude correction, -0.6 from 1964; conversion formulas to right ascension and declination; corrections constant through an eclipse.
moon-es-1992	peer-reviewed	Seidelmann (ed.) (1992). Explanatory Supplement to the Astronomical Almanac. University Science Books, chapters 7 and 8	https://archive.org/details/explanatorysuppl00pken	Read from the OCR text (var/downloads/es1992_djvu.txt). sin s = k sin pi definition, IAU adoption of k = 0.2725076 in August 1982 and its rationale, limb effects of up to two seconds per contact, ET until 1981 and UT1 for surface phenomena, physical, geocentric optical and topocentric optical librations with the 1 degree bound and MICA.
moon-espenak-2001-bulletin	primary	Espenak, Anderson (1999). Total Solar Eclipse of 2001 June 21. NASA/TP-1999-209484	https://eclipse.gsfc.nasa.gov/SEpubs/20010621/rp.html	Read from the PDF text (var/downloads/TP209484_2001.txt). Mean lunar radius section (k history, 1986 Oct 03 case, penumbral 0.2725076 and umbral 0.272281), lunar limb profile section (Watts datum ellipticity, centre of figure, 0.4 arcsec systematic errors, topocentric libration -3.1 to -4.6 deg, 0.364 arcsec/s), centre-of-figure shift +0.53/-0.13 arcsec, DE200/LE200 as the ephemeris, older -0.6 arcsec latitude convention.
moon-espenak-meeus-canon	primary	Espenak, Meeus (2009). Five Millennium Catalog of Solar Eclipses: -1999 to +3000. NASA/TP-2009-214174	https://eclipse.gsfc.nasa.gov/SEpubs/5MCSE.html	Read from the PDF text (var/downloads/TP2009-214174.txt). Sections 1.3 (VSOP87D, ELP-2000/82 with 37,862 terms, truncation at 0.0005 arcsec, 1/40 s), 1.4 (secular acceleration -25.858 arcsec/cy2 and the Delta T correction c), 1.5 (k = 0.2724880 penumbral, 0.272281 umbral, IAU 0.2725076 history) and the centre-of-figure paragraph (+0.50 arcsec longitude, -0.25 arcsec latitude, ignored).
moon-fienga-2021	primary	Fienga, Deram, Di Ruscio, Viswanathan, Camargo, Bernus, Gastineau, Laskar (2021). INPOP21a planetary ephemerides. IMCCE Notes Scientifiques et Techniques S110	https://www.imcce.fr/content/medias/recherche/equipes/asd/inpop/inpop21a.pdf	Read from the PDF (var/downloads/fienga2021_inpop21a.txt). LLR extended to 2020-06-01 with 27,899 normal points; Table 4 station residuals (APOLLO 1.06-1.75 cm, Grasse 1.01-1.33 cm recent); Jupiter INPOP21a vs DE440 70 m over 1980-2040; no Moon-vs-DE440 metre figure read.
moon-fivian-2008	peer-reviewed	Fivian, Hudson, Lin, Zahid (2008). A large excess in apparent solar oblateness due to surface magnetism. Science 322, 560-562	https://doi.org/10.1126/science.1160863	Abstract via Europe PMC. Rotation predicts 7.8 mas; RHESSI total oblateness 10.77 +/- 0.44 mas; corrected nonmagnetic oblateness 8.01 +/- 0.14 mas.
moon-folkner-2009	primary	Folkner, Williams, Boggs (2009). The Planetary and Lunar Ephemeris DE 421. JPL IOM 343R-08-003	https://ssd.jpl.nasa.gov/ftp/eph/planets/ioms/de421.iom.v1.pdf	Read from the PDF. Span 1900-2050, lunar orbit sub-metre from LLR, DE405 lunar orbit not fit consistently, DE405 Earth and Mars errors about 2 km.
moon-folkner-2014	primary	Folkner, Williams, Boggs, Park, Kuchynka (2014). The Planetary and Lunar Ephemerides DE430 and DE431. JPL IPN Progress Report 42-196	https://ipnpr.jpl.nasa.gov/progress_report/42-196/196C.pdf	Read in full from the PDF (var/downloads/folkner2014_de430.txt). Frame ICRF2, TDB definition and integrated TT-TDB, lunar core-mantle damping and the 1550-2650 span, Euler angle definitions, LLR data table, mass table (Sun/Jupiter 1047.348625, Sun/Saturn 3497.901768), au = 149597870.700 km.
moon-iaa-epm	primary	IAA RAS Ephemerides of Planets and the Moon (EPM) page	https://iaaras.ru/en/dept/ephemeris/epm/	Read. EPM2021 spans 1787-2214, includes TT-TDB and Euler angles of lunar physical libration, SPK and PCK formats at ftp.iaaras.ru/pub/epm/EPM2021; EPM2021H spans 13199 BC to AD 17191.
moon-iers-2010-ch10	primary	IERS Conventions (2010), IERS Technical Note 36, chapter 10: General relativistic models for space-time coordinates and equations of motion	https://iers-conventions.obspm.fr/content/chapter10/tn36_c10.pdf	Read in part from the PDF (var/downloads/iers2010_ch10.txt). IAU 2006 B3 definition TDB = TCB - LB (JD_TCB - T0) 86400 s + TDB0 with LB = 1.550519768e-8 and TDB0 = -6.55e-5 s.
moon-imcce-elp82b-readme	primary	IMCCE ftp: ELP2000-82B README and files	https://ftp.imcce.fr/pub/ephem/moon/elp82b/	Read the README and the directory listing. Series ELP1-ELP36, notice elp82b.ps; constants fitted to DE200/LE200; no accuracy or span statement in the README.
moon-imcce-inpop	primary	IMCCE INPOP planetary ephemerides page	https://www.imcce.fr/inpop	Read. Versions INPOP06b through INPOP21a; Moon libration and TT-TDB and TCG-TCB in the files; four file formats including SPICE and JPL-compatible binaries.
moon-imcce-inpop19a	primary	IMCCE INPOP19a download and description page	https://www.imcce.fr/recherche/equipes/asd/inpop/download19a	Read. Contents (Sun, planets, Pluto, Moon, lunar libration, TT-TDB, TCG-TCB), spans of plus or minus 100 and 1000 years from J2000, four formats, reference Fienga et al. 2019.
moon-imcce-vsop87-doc	primary	IMCCE ftp: VSOP87 notice (vsop87.doc)	https://ftp.imcce.fr/pub/ephem/planets/vsop87/vsop87.doc	Read via fetch extraction. Versions A-E and their frames (J2000 vs date), precision of 1 arcsec for 4000 years before and after J2000 for Mercury, Venus, Earth-Moon barycentre and Mars, relative precision 2.5e-8 for the Earth.
moon-jones-2025	peer-reviewed	Jones, Nichols-Fleming, Evans, Johnson, Andrews-Hanna (2025). Can the Moon's Center of Mass-Center of Figure Offset Be Explained With a Uniform Primordial Crust? Journal of Geophysical Research: Planets	https://doi.org/10.1029/2024JE008783	Abstract only, via the Semantic Scholar API. Quotes the 1.935 km lunar COM-COF offset as the constraint.
moon-jpl-bsp-dir	primary	JPL planets/bsp directory listing	https://ssd.jpl.nasa.gov/ftp/eph/planets/bsp/	Read. de440t.bsp 145.7 MB, de430t.bsp 127.7 MB, de432t.bsp, de430_1850-2150.bsp, de421.bsp 16 MB, de405.bsp 62 MB, de405_1960_2020.bsp.
moon-jpl-bsp-readme	primary	JPL planets/bsp README.txt	https://ssd.jpl.nasa.gov/ftp/eph/planets/bsp/README.txt	Read in full (var/downloads/jpl_bsp_README.txt). TT-TDB as body 1000000001 relative to 1000000000 starting with DE430, TTmTDB.de430.19feb2015.bsp refit, Mars planet centre convention, KBOs in DE440/441.
moon-jpl-eph-export	primary	JPL Solar System Dynamics: Planetary and Lunar Ephemerides export formats	https://ssd.jpl.nasa.gov/planets/eph_export.html	Read. ASCII, SPK and machine-dependent binary directories, DE440 span, DE441 along-track lunar difference of about 10 m per century from the tidal damping term.
moon-jplephem-pypi	company	jplephem on PyPI (Brandon Rhodes)	https://pypi.org/project/jplephem/	Read. SPK types 2, 3, 9; segment API kernel[center,target].compute(jd); segments 3->301 Moon and 3->399 Earth; kilometres and TDB Julian dates; version 2.24 (2026-01-23).
moon-kuhn-2012	peer-reviewed	Kuhn, Bush, Emilio, Scholl (2012). The precise solar shape and its variability. Science 337, 1638-1640	https://doi.org/10.1126/science.1223231	Abstract via Europe PMC. Oblateness constant over the solar cycle and significantly lower than theoretical expectations; the numerical value is in the paper body, not read.
moon-meeus-1998	peer-reviewed	Meeus (1998). Astronomical Algorithms, second edition. Willmann-Bell. Chapters 47 (position of the Moon) and 53 (ephemeris for physical observations of the Moon)	https://www.willbell.com/math/mc1.htm	Not fetched. Formulas and the chapter 47 accuracy statement (about 10 arcsec in longitude, 4 arcsec in latitude) are transcribed from the printed second edition; the chapter 53 optical libration and position-angle parts were cross-checked against the soniakeys Go port.
moon-naif-de442-comments	primary	NAIF de442_tech-comments.txt	https://naif.jpl.nasa.gov/pub/naif/generic_kernels/spk/planets/de442_tech-comments.txt	Read. DE442 created May 2024 to update the Uranus barycentre for URA182, adds Uranus occultations, Mars orbiter and Juno ranging, span 1549-12-31 to 2650-01-25, no lunar change described.
moon-naif-moon-fk-de440	primary	NAIF lunar frame kernel moon_de440_250416.tf	https://naif.jpl.nasa.gov/pub/naif/generic_kernels/fk/satellites/moon_de440_250416.tf	Read. MOON_PA_DE440 and MOON_ME_DE440_ME421 definitions, TKFRAME angles (67.8526, 78.6944, 0.2785) arcsec about axes (3,2,1), 0.02886 deg = 875 m, DE440 ME vs DE421 ME at most 53.4 cm over 2000-2040.
moon-naif-moon-pa-de440-cmt	primary	NAIF comment file for moon_pa_de440_200625.bpc	https://naif.jpl.nasa.gov/pub/naif/generic_kernels/pck/moon_pa_de440_200625.cmt	Read. DE440 lunar PA orientation relative to the ICRF, span 1549 Dec 31 to 2650 Jan 25, companion frame kernel required.
moon-naif-pck-dir	primary	NAIF generic PCK directory listing	https://naif.jpl.nasa.gov/pub/naif/generic_kernels/pck/	Read. Lunar orientation PCKs moon_pa_de403_1950-2198.bpc, moon_pa_de418_1950-2050.bpc, moon_pa_de421_1900-2050.bpc (1.7 MB), moon_pa_de440_200625.bpc (12 MB), pck00011.tpc.
moon-naif-planets-dir	primary	NAIF generic planetary SPK directory listing	https://naif.jpl.nasa.gov/pub/naif/generic_kernels/spk/planets/	Read. File sizes and dates: de440.bsp 114 MB, de440s.bsp 31 MB, de441 parts 1.5 GB each, de442.bsp and de442s.bsp dated 2025-02-06, de440_and_de441.pdf, tech-comments files.
moon-naif-summaries	primary	NAIF generic planetary SPK summaries (aa_summaries.txt)	https://naif.jpl.nasa.gov/pub/naif/generic_kernels/spk/planets/aa_summaries.txt	Read. Exact start and end epochs of de430, de431, de432s, de435, de438, de440, de440s, de441 parts, de442 and de442s.
moon-park-2021	peer-reviewed	Park, Folkner, Williams, Boggs (2021). The JPL Planetary and Lunar Ephemerides DE440 and DE441. Astronomical Journal 161, 105	https://iopscience.iop.org/article/10.3847/1538-3881/abd414	Open-access HTML read through the fetch tool's extraction, not the PDF. Spans, geodetic precession on librations, LLR to 2020 March, 20 cm early and 1.3 cm recent rms, ICRF3, libration angles stored in the files, DE440 for modern data and DE441 for historical.
moon-skyfield-planetary	company	Skyfield documentation: Planetary reference frames	https://rhodesmill.org/skyfield/planetary.html	Read. Loading moon_080317.tf, pck00008.tpc and moon_pa_de421_1900-2050.bpc, building MOON_ME_DE421, computing libration as frame_latlon of the Earth-to-Moon vector with worked values (lat -6.749, lon 1.520 deg).
moon-skyfield-planets	company	Skyfield documentation: Planets and their moons: JPL ephemeris files	https://rhodesmill.org/skyfield/planets.html	Read. Table of ephemeris files with years, spans and sizes; advice to choose the shortest covering file; DE430/DE440 vs DE431/DE441 liquid-core remark; de440s recommendation; HTTP range excerpting; Earth and Pluto barycentre caveat.
moon-skyfield-positions	company	Skyfield documentation: Positions	https://rhodesmill.org/skyfield/positions.html	Read. Definitions of barycentric, astrometric (light-time) and apparent (aberration and deflection) positions, ICRS and GCRS usage, ICRS axes within 0.02 arcsec of J2000.
moon-smith-2010	peer-reviewed	Smith et al. (2010). Initial observations from the Lunar Orbiter Laser Altimeter (LOLA). Geophysical Research Letters 37, L18204	https://doi.org/10.1029/2010GL043751	Abstract only, via the Semantic Scholar API (Wiley, Caltech and MIT DSpace refused the fetch tool). Geodetic grid to about 10 m radial and 100 m spatial accuracy with respect to the Moon's centre of mass.
moon-smith-2017	peer-reviewed	Smith et al. (2017). Summary of the results from the lunar orbiter laser altimeter after seven years in lunar orbit. Icarus 283, 70-91	https://doi.org/10.1016/j.icarus.2016.06.006	Abstract only, via the Semantic Scholar API. LOLA as the global geodetic reference frame; no numbers extracted.
moon-soniakeys-meeus	unsourced	soniakeys/meeus (Go): package moon implementing Meeus chapter 53	https://raw.githubusercontent.com/soniakeys/meeus/master/v3/moon/moon.go	Code read. I = 1.54242 deg, optical libration W, A, l', b', physical libration rho, sigma, tau series, position angle via V, X, Y, omega; the topocentric libration section is commented out for lack of test data. Third-party reimplementation without documented validation beyond the book's examples.
moon-spice-spkezr	primary	NAIF CSPICE documentation: spkezr_c	https://naif.jpl.nasa.gov/pub/naif/toolkit_docs/C/cspice/spkezr_c.html	Read. Input et in seconds past J2000 TDB; aberration options NONE (geometric), LT (light time, planetary aberration), LT+S (plus stellar aberration), CN, CN+S (converged), XLT and XCN transmission cases.
moon-swisseph	company	Swiss Ephemeris programming documentation (Astrodienst)	https://www.astro.com/swisseph/swisseph.htm	Read via fetch extraction. Based on DE431 since version 2.0; compressed Moon agrees with JPL to 1 mas; Moshier Moon to 0.5 arcsec relative to DE404 over 1369 BC to AD 3000; apparent positions include light-time, annual aberration and deflection.
moon-viswanathan-2018	preprint	Viswanathan, Fienga, Minazzoli, Bernus, Laskar, Gastineau (2018). The new lunar ephemeris INPOP17a and its application to fundamental physics. MNRAS 476, 1877 (arXiv:1710.09167)	https://arxiv.org/abs/1710.09167	Abstract only. INPOP17a lunar solution from numerical integration of motion and rotation fitted to 48 years of LLR including two years of infrared LLR.
moon-williams-2008	primary	Williams, Boggs, Folkner (2008). DE421 Lunar Orbit, Physical Librations, and Surface Coordinates. JPL IOM 335-JW,DB,WF-20080314-001	https://ssd.jpl.nasa.gov/ftp/eph/planets/ioms/de421_moon_coord_iom.pdf	Read from the PDF. DE421 vs DE403 differences (6 m in 2008 to 16 m in 2020, 3 to 9 mas), DE421 PA to ME rotation Rx(-0.30") Ry(-78.56") Rz(-67.92"), 1" = 8.4 m on the surface.
moon-williams-2013	primary	Williams, Boggs, Folkner (2013). DE430 Lunar Orbit, Physical Librations, and Surface Coordinates. JPL IOM 335-JW,DB,WF-20130722-016	https://naif.jpl.nasa.gov/pub/naif/generic_kernels/spk/planets/de430_moon_coord.pdf	Read in full from the PDF. 18,548 LLR ranges 1970-2012, 1.9 cm wrms, DE430 vs DE421 half a milliarcsecond, PA and ME frame definitions, the DE430 rotation Rx(-0.285") Ry(-78.580") Rz(-67.573"), 1" = 8.42 m, LOLA mean radius 1737.151 km (Neumann 2013).
sun-adassuriya-2011	preprint	Adassuriya, J. et al. (2011) Solar radius determination using Baily beads observations of annular solar eclipse of 15 January 2010. Proceedings of the Technical Sessions, Institute of Physics Sri Lanka 27, 107	https://ipsl.lk/documents/TechSession/2011/ipsl11-15.pdf	Eight beads at the southern limit, Occult 4.0.8.6 with DE423 and Kaguya: 959.89 ± 0.18 arcseconds. Conference proceedings; full PDF read.
sun-astropy-iau2015	company	astropy constants, iau2015.py	https://github.com/astropy/astropy/blob/main/astropy/constants/iau2015.py	R_sun = 6.957e8 m from IAU 2015 Resolution B3; au = 1.49597870700e11 m from IAU 2012 Resolution B2. Read via WebFetch of the raw file.
sun-auwers-1891	peer-reviewed	Auwers, A. (1891) Der Sonnendurchmesser und der Venusdurchmesser nach den Beobachtungen an den Heliometern der deutschen Venus-Expeditionen. Astronomische Nachrichten 128, 361	https://doi.org/10.1002/asna.18911282002	Origin of 959.63 arcseconds at 1 au. Not read; cited through McGlaun, Quaglia et al. 2021 and Wright and Young 2024.
sun-be-impact	trade	Besselian Elements team. The solar radius and its impact on eclipse computations	https://www.besselianelements.com/the-solar-radius-and-its-impact-on-eclipse-computations/	2017 Vale example: centreline 130 s to 128 s, southern edge 34 s to 13 s for 959.63 versus about 960 arcseconds; notes Solar Eclipse Maestro allows changing the radius. Read via curl on 2026-09-15.
sun-be-solar-radius	trade	Besselian Elements team (Quaglia, Irwin). Measuring the Solar Radius during Total Solar Eclipses	https://www.besselianelements.com/solar-radius/	States the eclipse solar radius 959.95 ± 0.05 arcseconds and the flash-spectrum method. Read via curl on 2026-09-15.
sun-brown-cd-1998	peer-reviewed	Brown, T. M. and Christensen-Dalsgaard, J. (1998) Accurate determination of the solar photospheric radius. ApJ 500, L195	https://doi.org/10.1086/311416	Solar Diameter Monitor 1981 to 1987 at 800 nm: 695.508 ± 0.026 Mm. Abstract read via Semantic Scholar.
sun-dunham-1980	peer-reviewed	Dunham, D. W., Sofia, S., Fiala, A. D., Herald, D. and Muller, P. M. (1980) Observations of a probable change in the solar radius between 1715 and 1979. Science 210, 1243	https://doi.org/10.1126/science.210.4475.1243	Bead timings at both path edges in 1715, 1976 and 1979 gave a contraction of 0.34 ± 0.2 arcseconds in 264 years. Not read; figure from a search-engine summary of the abstract.
sun-dunham-2016	survey	Dunham, D. W., Sofia, S., Guhl, K. and Herald, D. (2016) IOTA solar radius results from eclipses since the 1990s, in Solar and Stellar Flares and their Effects on Planets (IAU proceedings)	https://ui.adsabs.harvard.edu/abs/2016IAUS..320..110D	IOTA range printed by Quaglia et al. as 956.40 to 956.80 arcseconds, evidently 959.40 to 959.80. Not read; cited through Quaglia et al. 2021 and Rozelot et al. 2016.
sun-earthsky-2024	trade	Adalian, D. (2024) April 8 solar eclipse maps are wrong along the edges (EarthSky, 2 April 2024)	https://earthsky.org/astronomy-essentials/april-8-solar-eclipse-maps-are-wrong-along-the-edges/	Describes Irwin's 959.95 arcsecond map, the narrower northern edge and the Texas southern-edge anomaly, with comments from C. Alex Young. Read via curl on 2026-09-15.
sun-emilio-2012	peer-reviewed	Emilio, M., Kuhn, J. R., Bush, R. I. and Scholl, I. F. (2012) Measuring the solar radius from space during the 2003 and 2006 Mercury transits. ApJ 750, 135	https://arxiv.org/abs/1203.4898	SOHO/MDI: 960.12 ± 0.09 arcseconds (696,342 ± 65 km). Abstract read on arXiv.
sun-emilio-2015	peer-reviewed	Emilio, M., Couvidat, S., Bush, R. I., Krucker, S. and Kuhn, J. R. (2015) Measuring the solar radius from space during the 2012 Venus transit. ApJ 798, 48	https://doi.org/10.1088/0004-637X/798/1/48	SDO/HMI 617.3 nm: 959.57 ± 0.02 arcseconds (695,946 ± 15 km); AIA 963.04 at 160 nm and 961.76 at 170 nm. Not read directly; values from Rozelot et al. 2016 and Meftah et al. 2018.
sun-espenak-seradius	company	Espenak, F. Solar Eclipse Predictions and the Mean Lunar Radius (EclipseWise)	https://www.eclipsewise.com/solar/SEhelp/SEradius.html	k = 0.2725076 for penumbral contacts and 0.272281 for umbral contacts, with the USNO 1968 to 1980 history. Read via WebFetch; contains no solar radius statement.
sun-fiala-1994	peer-reviewed	Fiala, A. D., Dunham, D. W. and Sofia, S. (1994) Variation of the solar diameter from solar eclipse observations, 1715-1991. Solar Physics 152, 97	https://doi.org/10.1007/BF01473190	Programme to reduce all eclipse edge observations since 1715 with consistent ephemerides. Abstract read on the Springer page; no radius value in the abstract.
sun-gsfc-explain	primary	Espenak, F. Explanation of Solar Eclipse Predictions (NASA GSFC)	https://eclipse.gsfc.nasa.gov/SEmono/reference/explain.html	DE200/LE200 ephemerides, smaller k for umbral contacts, no limb corrections in the base predictions, graze-zone definition. Read via curl on 2026-09-15.
sun-haberreiter-2008	peer-reviewed	Haberreiter, M., Schmutz, W. and Kosovichev, A. G. (2008) Solving the discrepancy between the seismic and photospheric solar radius. ApJ 675, L53	https://arxiv.org/abs/0711.2392	Inflection point lies 0.347 ± 0.006 Mm above tau5000 = 1 and 0.333 ± 0.008 Mm above tauRoss = 2/3; photospheric radius 695.66 Mm. Abstract read on arXiv and Semantic Scholar.
sun-iota-dunham-2024	trade	Dunham, D. (2024) April 8th total solar eclipse, the ultimate lunar occultation, updated 2024 May 6 (IOTA)	http://iota.jhuapl.edu/TSE20240408.htm	IOTA's 2024 campaign page: Jubier's map uses the 1976 radius, Irwin's 959.95 ± 0.05 limit, the 0.7 km and 10 s corrections, the 2 km umbral-depth rule, and IOTA's retraction of radius variation. Read via curl on 2026-09-15.
sun-jubier-map-help	company	Jubier, X. Solar Eclipse Google Map Help	http://xjubier.free.fr/en/site_pages/solar_eclipses/xSE_GoogleMap3_Help.html	States the maps use the IAU 1976 radius 959.63 arcseconds and that the true photospheric radius is closer to 959.98 ± 0.02 arcseconds. Read via curl on 2026-09-15.
sun-kilcik-2009	peer-reviewed	Kilcik, A., Sigismondi, C., Rozelot, J. P. and Guhl, K. (2009) Solar radius determination from total solar eclipse observations on 29 March 2006. Solar Physics 257, 237	https://doi.org/10.1007/s11207-009-9378-x	Reports 959.22 ± 0.04 arcseconds from Turkey and Egypt observations; abstract read on the Springer page. The method is image based and differs from bead timing.
sun-kosovichev-rozelot-2018	peer-reviewed	Kosovichev, A. G. and Rozelot, J.-P. (2018) Cyclic changes of the Sun's seismic radius. ApJ 861, 90	https://doi.org/10.3847/1538-4357/aac81d	Seismic radius reduced by 1 to 2 km at solar maxima; 5 to 8 km at 5 Mm depth. Abstract read via Semantic Scholar.
sun-kubo-1993	peer-reviewed	Kubo, Y. (1993) Position and radius of the Sun determined by solar eclipses in combination with lunar occultations. PASJ 45, 819	https://ui.adsabs.harvard.edu/abs/1993PASJ...45..819K	Flash-spectrum photometry at the 1970, 1973, 1980 and 1991 eclipses with Watts profiles gave 959.74 to 959.88 arcseconds. Not read; range quoted from Quaglia et al. 2021.
sun-lamy-2015	peer-reviewed	Lamy, P., Prado, J.-Y., Floyd, O., Rocher, P., Faury, G. and Koutchmy, S. (2015) A novel technique for measuring the solar radius from eclipse light curves: results for 2010, 2012, 2013, and 2015. Solar Physics 290, 2617	https://doi.org/10.1007/s11207-015-0787-8	Seventeen photometer light curves at 540 nm with Kaguya limb profiles: 959.99 ± 0.06 arcseconds (696,246 ± 45 km). Abstract read on the Springer page; full text paywalled.
sun-mcglaun-auwers	trade	McGlaun, D. Arthur Auwers and the Solar Radius (solareclipses.com)	https://solareclipses.com/pages/Auwers.html	Account of Auwers' data sources, weighting method and adoption by the IAU; read via WebFetch summary. Author is the developer of the solareclipses.com eclipse software.
sun-meeus-aa	peer-reviewed	Meeus, J. (1991) Astronomical Algorithms, chapter Semidiameters of the Sun, Moon, and Planets	https://www.willbell.com/math/mc1.htm	Gives the Sun's semidiameter at unit distance as 959.63 arcseconds. Read from a local OCR copy of the first edition (var/downloads/meeus_aa_1991.txt).
sun-meftah-2014	peer-reviewed	Meftah, M. et al. (2014) Ground-based measurements of the solar diameter during the rising phase of solar cycle 24. A&A 569, A60	https://doi.org/10.1051/0004-6361/201423598	SODISM II at Calern, 2011 to 2013, 535.7 nm: 959.78 ± 0.19 arcseconds (696,113 ± 138 km). Abstract read via Semantic Scholar.
sun-meftah-2018	peer-reviewed	Meftah, M. et al. (2018) Solar radius determined from PICARD/SODISM observations and extremely weak wavelength dependence in the visible and the near-infrared. A&A 616, A64	https://doi.org/10.1051/0004-6361/201732159	Inflection-point radius 696,134 ± 261 km at 535.7 nm, 696,156 ± 145 km at 607.1 nm, 696,192 ± 247 km at 782.2 nm; about 330 km between seismic and photospheric definitions. Abstract read via Semantic Scholar; the A&A site refused fetches.
sun-occult4-page	company	Herald, D. Occult v4 (IOTA software page)	http://www.lunar-occultations.com/iota/occult4.htm	Lists solar eclipse prediction and Baily's beads analysis among Occult's functions; no constants stated. Read via curl on 2026-09-15.
sun-photoephemeris-technote	company	Photo Ephemeris. Technical Note: Solar Eclipse Functionality	https://photoephemeris.com/en/help/photo-ephemeris-web/technical-note-solar-eclipse-functionality	Bead simulator defaults to 959.95 arcseconds (Quaglia et al. 2021), user adjustable, not used for contact times; smooth-Moon contact times; Kaguya/Herald limb with 1,800 points at 0.2 degrees. Read via WebFetch.
sun-prsa-2016	peer-reviewed	Prša, A. et al. (2016) Nominal values for selected solar and planetary quantities: IAU 2015 Resolution B3. AJ 152, 41	https://arxiv.org/abs/1605.09788	Defines the nominal solar radius 6.957e8 m and explains that it is the rounded Haberreiter et al. value 695,658 ± 140 km at Rosseland optical depth 2/3. Full arXiv PDF read.
sun-quaglia-2021	peer-reviewed	Quaglia, L., Irwin, J., Emmanouilidis, K. and Pessi, A. (2021) Estimation of the eclipse solar radius by flash spectrum video analysis. ApJS 256, 36	https://arxiv.org/abs/2107.09416	Defines the eclipse solar radius, reports 959.95 ± 0.05 arcseconds from the 2017 flash spectrum at the southern limit, gives duration and limit-distance sensitivity to the radius and compares Occult, Solar Eclipse Maestro and Irwin's model. Full arXiv PDF read.
sun-raponi-sigismondi-2011	preprint	Raponi, A. and Sigismondi, C. (2011) Solar limb darkening function from Baily's beads observations. arXiv:1112.0403, Il Nuovo Cimento	https://arxiv.org/abs/1112.0403	Photospheric light detected at least 0.65 arcseconds beyond the inflection point; Occult 4 simulates with 959.63 arcseconds; bead corrections depend on equipment. Full PDF read.
sun-rozelot-2016-history	preprint	Rozelot, J.-P., Kosovichev, A. G. and Kilcik, A. (2016) A brief history of the solar diameter measurements: a critical quality assessment of the existing data. arXiv:1609.02710	https://arxiv.org/abs/1609.02710	History of ground, eclipse and space measurements; source for the Emilio 2015 HMI and AIA values and for the 0.41 arcsecond, 297 km gap between Auwers and the nominal radius. Full PDF read.
sun-rozelot-kosovichev-2026	preprint	Rozelot, J.-P. and Kosovichev, A. (2026) Sharper Than Ever: Do Modern Observations Pin Down the Solar Radius to Converge on New Standards? arXiv:2605.23794	https://arxiv.org/abs/2605.23794	Review tabulating canonical, seismic, photospheric, eclipse and nominal radii with km and arcsecond values and a proposed glossary. Full PDF read. Contains a typo giving the canonical value as 965.63.
sun-schou-1997	peer-reviewed	Schou, J., Kosovichev, A. G., Goode, P. R. and Dziembowski, W. A. (1997) Determination of the Sun's seismic radius from the SOHO Michelson Doppler Imager. ApJ 489, L197	https://doi.org/10.1086/316782	Seismic radius 695,680 ± 30 km from f modes l = 88 to 250. Not read; value taken from Rozelot and Kosovichev 2026.
sun-sigismondi-2012	preprint	Sigismondi, C. (2012) Solar diameter, eclipses and transits: the importance of ground-based observations. arXiv:1211.4394, Mem. S.A.It.	https://arxiv.org/abs/1211.4394	Describes the IOTA bead reduction against 959.63 arcseconds, the 0.7 arcsecond emission blend above the photosphere, the 0.3 to 0.5 arcsecond per second limb speed and the Watts versus Kaguya accuracy. Full PDF read.
sun-skyfield-eclipselib	company	Skyfield source, skyfield/eclipselib.py	https://github.com/skyfielders/python-skyfield/blob/master/skyfield/eclipselib.py	Lunar eclipses only; uses a solar radius of 696,340 km and a lunar radius of 1737.1 km without a cited source. Read via WebFetch of the raw file.
sun-solareclipses-formulas	trade	McGlaun, D. Calculating Besselian Elements (solareclipses.com)	https://www.solareclipses.com/pages/besselian/besselian_elements_formulas.html	Gives 959.95 arcseconds as 696,221.3 km and k = 0.272399309 from the 1737.4 km LRO datum. Read via WebFetch summary.
sun-stellarium-sec	company	Stellarium source, src/core/SolarEclipseComputer.cpp	https://github.com/Stellarium/stellarium/blob/master/src/core/SolarEclipseComputer.cpp	Uses 696,000 km with a comment that NASA's predictions use 696,000 km from the arctangent of 959.63 arcseconds, and k = 0.2725076 for both cones. Read from a local copy of the file.
sun-stellarium-ssystem	company	Stellarium data/ssystem_major.ini	https://github.com/Stellarium/stellarium/blob/master/data/ssystem_major.ini	[sun] radius=696000., [moon] radius=1737.4, [earth] radius=6378.1366. Read via WebFetch of the raw file.
sun-svs-4515	primary	NASA SVS 4515 (2016) 2017 Path of Totality, visualizations by Ernie Wright	https://svs.gsfc.nasa.gov/4515	Constants block: Earth 6378.137 km, Moon 1737.4 km, Sun 696,000 km (959.645 arcsec at 1 AU), DE421, ΔT 68.917 s. svs.gsfc.nasa.gov was unreachable; read from a web.archive.org snapshot dated 2018 fetched 2026-09-15.
sun-svs-5073	primary	NASA SVS 5073 (2023) The 2023 and 2024 Solar Eclipses: Map and Data	https://svs.gsfc.nasa.gov/5073	Lists SRTM, LRO LOLA, SLDEM2015 and DE421 as inputs; no solar radius printed. Read from a locally saved copy and a web.archive.org snapshot of 2024 fetched 2026-09-15.
sun-svs-5365	primary	NASA SVS 5365 (2024) Broken Annular Baily's Beads Simulation, visualizations by Ernie Wright	https://svs.gsfc.nasa.gov/5365	Links the 2024 AJ paper as the method behind the 2024 maps; no radius printed. Read from a web.archive.org snapshot of 2024 fetched 2026-09-15.
sun-swisseph-swecl	company	Swiss Ephemeris source, swecl.c	https://github.com/aloistr/swisseph/blob/master/swecl.c	Active DSUN = 1,392,000,000 m; alternate 1,391,978,489.9 m consistent with 959.63 arcseconds (Astronomical Almanac) is disabled under #if 0. Read from a local copy.
sun-timeanddate-help	company	timeanddate.com. FAQ: 3D Eclipse Path Map	https://www.timeanddate.com/eclipse/globe/help	Shaded areas may be off by a few hundred metres; advises moving a few hundred metres toward the centre. Read via curl on 2026-09-15; the 2D map help page returned 403.
sun-usno-2024	primary	US Naval Observatory. 2024 April 8 Total Solar Eclipse	https://aa.usno.navy.mil/data/Eclipse2024	Repeats the 696,000 km and 1737.4 km constants for the 2024 predictions. Read via WebFetch.
sun-usno-computer	primary	US Naval Observatory. Solar Eclipse Computer	https://aa.usno.navy.mil/data/SolarEclipses	States Sun 696,000 km and Moon 1737.4 km as IAU-adopted values; no limb profiles or centre-of-figure corrections. Read via WebFetch.
sun-wright-young-2024	peer-reviewed	Wright, E. and Young, C. A. (2024) A raster-oriented method for creating eclipse maps. AJ 168, 163	https://doi.org/10.3847/1538-3881/ad6b23	Section 6.4 gives NASA's position: figures assume 696,000 km, nominal 695,700 km is unsuitable, eclipse values 959.99, 959.95, 959.98, 960.01 listed, Irwin's map shifted the northern limit several city blocks, 1 s of duration near a limit equals 0.03 arcseconds. Read from a saved copy of the IOP HTML (var/downloads/iop_ad6b23_wayback.html).
svs-12412-tracing-2017	primary	NASA SVS 12412, Tracing the 2017 Solar Eclipse (video, 2016)	https://svs.gsfc.nasa.gov/12412	Narrated video; caption file 12412_Eclipse_Path_NarratedV3.en_US.srt read from Wayback capture 2025-10-10 and quoted. YouTube copy at https://youtu.be/MJgXaqW3md8.
svs-14474-map-tour-2024	primary	NASA SVS 14474, A Tour of NASA's 2024 Total Solar Eclipse Map (2023)	https://svs.gsfc.nasa.gov/14474	Video tour of the 2024 map. Read from Wayback capture 2026-04-12.
svs-2017-shapefiles-zip	primary	NASA SVS, eclipse2017_shapefiles.zip (5.0 MB)	https://svs.gsfc.nasa.gov/vis/a000000/a004500/a004518/eclipse2017_shapefiles.zip	Downloaded from Wayback capture 2020-10-19 and parsed: penum17, umbra17, w_umbra17, w_umbra17_1m (194 at 1 min), penum17_1m (680), upath17, w_upath17, center17, w_center17; WGS84.
svs-2024-kml-zip	primary	NASA SVS, 2024eclipse_kml.zip (299 MB)	https://svs.gsfc.nasa.gov/vis/a000000/a005000/a005073/2024eclipse_kml.zip	Central directory read via HTTP range request on Wayback capture 2025-02-12: center, duration, penumbra, ppath, ppath01, umbra_hi, umbra_lo, upath_hi, upath_lo .kml. Not fully downloaded.
svs-2024-shapefiles-zip	primary	NASA SVS, 2024eclipse_shapefiles.zip (78.6 MB)	https://svs.gsfc.nasa.gov/vis/a000000/a005100/a005123/2024eclipse_shapefiles.zip	Downloaded from Wayback capture 2025-02-12 and parsed: umbra_hi 6741 records at 1 s 17:56:00 to 19:48:20 UTC with 12 attributes; umbra_lo 1181 at 10 s; center, duration, ppath, ppath01, upath_hi, upath_lo; all .prj GCS_WGS_1984.
svs-4314-2017-usa	primary	NASA SVS 4314, 2017 Total Solar Eclipse in the U.S. (2015)	https://svs.gsfc.nasa.gov/4314	Smooth-model animation with the About Accuracy constants table (k = 0.2723993, 959.634 arcsec, DE421, Delta UTC 68.184 s). Read from Wayback capture 2026-08-28.
svs-4515-2017-path	primary	NASA SVS 4515, 2017 Path of Totality (2016)	https://svs.gsfc.nasa.gov/4515	First limb- and terrain-corrected product. Constants table with WGS84, EGM96, 1737.4 km, 696,000 km (959.645 arcsec), DE421, EOP kernel, Delta T 68.917 s. Read from Wayback capture 2026-08-28.
svs-4516-2017-oblique	primary	NASA SVS 4516, 2017 Path of Totality: Oblique View (2016)	https://svs.gsfc.nasa.gov/4516	Same constants table as 4515. Read from Wayback capture 2026-08-28.
svs-4517-umbra-shapes	primary	NASA SVS 4517, Umbra Shapes (2016, updated 2024)	https://svs.gsfc.nasa.gov/4517	The explainer page: polygon edges as limb valleys, 3 km terrain shift, point-cloud limb profile from SLDEM2015 and LOLA, SRTM elevations, Watts history. Read in full from Wayback capture 2024-04-24.
svs-4518-2017-map-shapefiles	primary	NASA SVS 4518, 2017 Total Solar Eclipse Map and Shapefiles (2016)	https://svs.gsfc.nasa.gov/4518	Describes eclipse2017_shapefiles.zip and eclipse2017_shapefiles_1s.zip (6000 umbra shapes at 1 s, 100 m precision, path at 250 m). States WGS84 lat-long projection. Read from Wayback capture 2026-08-28.
svs-4552-2017-state-maps	primary	NASA SVS 4552, 2017 Eclipse State Maps (2017)	https://svs.gsfc.nasa.gov/4552	Fourteen state maps, umbra at 3 min intervals, duration contours at 30 s. Read from Wayback capture 2026-08-28.
svs-4579-flyaround-2017	primary	NASA SVS 4579, Flying Around The Eclipse Shadow (2017)	https://svs.gsfc.nasa.gov/4579	Combined flyaround; datasets list only. Read from Wayback capture 2026-05-09.
svs-5073-2023-2024-map-data	primary	NASA SVS 5073, The 2023 and 2024 Solar Eclipses: Map and Data (2023)	https://svs.gsfc.nasa.gov/5073	The data page: Making the Map statement (SRTM, LRO, DE421), layer descriptions for both zips, KML zips, cities JSON schema. Read from Wayback capture 2024-04-28.
svs-5086-map-tour	primary	NASA SVS 5086, A Tour of NASA's Solar Eclipse Map for 2023 and 2024 (2023)	https://svs.gsfc.nasa.gov/5086	Video tour; credits state eclipse calculations by Ernie Wright. Read from Wayback capture 2026-04-14.
svs-5123-2024-map	primary	NASA SVS 5123, The 2024 Total Solar Eclipse (2023, updated 2024-04-07)	https://svs.gsfc.nasa.gov/5123	2024 map page with the same method statement and shapefile list; download path /vis/a000000/a005100/a005123/2024eclipse_shapefiles.zip. Read from Wayback capture 2024-05-06.
svs-5124-2023-annular-map	primary	NASA SVS 5124, The 2023 Annular Solar Eclipse (2023)	https://svs.gsfc.nasa.gov/5124	Annular counterpart; umbra_hi and umbra_lo hold antumbra polygons. Read from Wayback capture 2026-05-13.
svs-5169-eclipse-explorer	primary	NASA SVS 5169, NASA Eclipse Explorer (2023)	https://svs.gsfc.nasa.gov/5169	Interactive web map by Alex Gurvich with Wright and Garrison; standalone at go.nasa.gov/EclipseExplorer. Read from Wayback capture 2026-05-15.
svs-5186-flyaround-2024	primary	NASA SVS 5186, Flying Around The 2024 Eclipse Shadow (2023)	https://svs.gsfc.nasa.gov/5186	Narrated flyaround, geometry to scale, umbra speed 2400 km/h. Read from Wayback capture 2026-09-05; caption file read from capture 2026-05-06.
svs-5212-2024-spherical	primary	NASA SVS 5212, April 8, 2024 Total Solar Eclipse Path for Spherical Displays (2024)	https://svs.gsfc.nasa.gov/5212	States frame cadence 15:42:10 to 20:52:20 UTC at 10 s. Read from Wayback capture 2026-08-30.
svs-5219-2024-path	primary	NASA SVS 5219, 2024 Path of Totality (2024)	https://svs.gsfc.nasa.gov/5219	Flyover animation; states umbra accounts for elevation and the irregular limb; lists umbra-centre times for cities. Read from Wayback capture 2026-08-28.
svs-5222-5000-years	primary	NASA SVS 5222, 5000 Years of Total Solar Eclipses (2024)	https://svs.gsfc.nasa.gov/5222	Heat map of 3742 Canon paths at 1/15 degree pixels in TT, DE441 listed; 13.66 eclipses per pixel, 366 years mean interval. Read from Wayback capture 2026-07-29.
svs-5248-insolation-2024	primary	NASA SVS 5248, Insolation during the 2024 Eclipse (2024)	https://svs.gsfc.nasa.gov/5248	Releases obscuration rasters at 10 s from 15:42:10 to 20:52:20 UTC at 360/8192 degrees per pixel; the only stated raster grid. Read from Wayback capture 2026-08-22.
svs-5365-broken-annular	primary	NASA SVS 5365, Broken Annular Baily's Beads Simulation (2024)	https://svs.gsfc.nasa.gov/5365	Real-time bead simulation for 2005-04-08 hybrid from 94.02587 W, 6.45677 N, 21:55:20.5 to 21:55:35.5 UTC; links the AJ paper. Read from Wayback capture 2026-08-28.
svs-5366-shadow-shape	primary	NASA SVS 5366, Solar Eclipse Shadow Shape Explained (2024)	https://svs.gsfc.nasa.gov/5366	Pinhole-projection explainer released with the paper; 49 valleys for 2017; datasets LOLA DEM, DE421, SLDEM2015. Read in full from Wayback capture 2025-04-20.
svs-5378-oct-2024-annular-map	primary	NASA SVS 5378, Map of the October 2, 2024 Annular Solar Eclipse (2024)	https://svs.gsfc.nasa.gov/5378	Global map, antumbra at 15 min intervals; datasets BMNG and DE421 only; refraction and terrain caveat on sunrise and sunset lines. Read from Wayback capture 2026-05-10.
svs-5510-mar-2025-partial-map	primary	NASA SVS 5510, Map of the March 29, 2025 Partial Solar Eclipse (2025)	https://svs.gsfc.nasa.gov/5510	Global partial map; gamma 1.0405 credited to Espenak; umbra misses by about 215 km; same refraction caveat. Read from Wayback capture 2026-08-20.
svs-animator-page-2009	primary	NASA SVS animator page for Ernie Wright (2009 and 2011 snapshots)	https://svs.gsfc.nasa.gov/search/Animator/ErnieWright.html	Lists his visualizations (Tycho skymap, LOLA footprints, lunar eclipse views) with no biography. Read from Wayback captures 2009-04-13 and 2011-10-21.
svs-araki-2009-kaguya	peer-reviewed	Araki, H., Tazawa, S., Noda, H. et al. 2009, Lunar Global Shape and Polar Topography Derived from Kaguya-LALT Laser Altimetry, Science 323, 897	https://doi.org/10.1126/science.1164146	The SELENE/Kaguya altimetry that with LRO supplanted Watts. Not read; cited via the paper.
svs-barker-2016-sldem2015	peer-reviewed	Barker, M. K., Mazarico, E., Neumann, G. A. et al. 2016, A New Lunar Digital Elevation Model from LOLA and SELENE Terrain Camera, Icarus 273, 346	https://doi.org/10.1016/j.icarus.2015.07.039	SLDEM2015: 512 pixels per degree within 60 degrees of the equator, 3 to 4 m vertical accuracy, 4.5 billion LOLA heights plus 43,200 TC DEMs. Abstract read via Semantic Scholar.
svs-besselianelements-reentrant	trade	Besselian Elements, Re-Entrant Totality	https://www.besselianelements.com/re-entrant-totality/	Cites the AJ paper for polygonal umbra outlines; 959.95 plus or minus 0.05 arcsec; a 2 s interruption of a 9 s totality in Greenland. Read via fetch tool.
svs-cities-2024-json	primary	NASA SVS, cities-eclipse-2024.json	https://svs.gsfc.nasa.gov/vis/a000000/a005000/a005073/cities-eclipse-2024.json	Downloaded from Wayback capture 2025-02-12: 32,174 objects with STATE, NAME, LAT, LON, ECLIPSE (5 or 6 UTC times); contacts to 1 s, partial phases to 10 s.
svs-cnn-wattles-2024	trade	Wattles, J. 2024, New calculations have raised concerns popular eclipse maps might be off, CNN (2024-04-05)	https://www.cnn.com/2024/04/05/world/total-solar-eclipse-map-path-shift-scn/index.html	NASA statement by Karen Fox on the solar radius and path width, Guinan's "couple thousand feet". Direct fetch returned 451; read from Wayback capture 2025-07-24.
svs-crossref-wright	primary	Crossref record for DOI 10.3847/1538-3881/ad6b23	https://api.crossref.org/works/10.3847/1538-3881/ad6b23	Confirms authors Wright and Young, container The Astronomical Journal, issued 2024-09-19. A Crossref author query for Ernie Wright plus eclipse returned no other eclipse paper by him.
svs-duncombe-1973	primary	Duncombe, J. S. 1973, Lunar Limb Profiles for Solar Eclipses, USNO Circular 141	https://ui.adsabs.harvard.edu/abs/1973USNOC.141.....D	Exaggerated limb plots used in Herald's graphical method. Not read; cited via the paper.
svs-eclipse2017-map-pdf	primary	NASA 2017 eclipse map, first print edition (21 x 11 inches)	https://eclipse2017.nasa.gov/static/img/downloadables/NASA_map_508.pdf	Figure 10 of the paper; the most downloaded item on the 2017 site. Not fetched.
svs-eclipsewise-2024-prime	company	Espenak, F., Total Solar Eclipse of 2024 Apr 08, EclipseWise	https://eclipsewise.com/solar/SEprime/2001-2100/SE2024Apr08Tprime.html	JPL DE405, Delta T 71.5 s, k 0.2725076 and 0.2722810, greatest eclipse 18:18:29.4 TD, 4m28.13s, 197.5 km. Read via fetch tool.
svs-espenak-2024-besselian	primary	Espenak, F., Besselian Elements for Total Solar Eclipse of 2024 Apr 08, NASA Eclipse Web Site	https://eclipse.gsfc.nasa.gov/SEbeselm/SEbeselm2001/SE2024Apr08Tbeselm.html	Polynomial elements at t0 = 18:00 TDT, Delta T 70.6 s, k1 = 0.272488, k2 = 0.272281. Read via fetch tool.
svs-espenak-2024-path	primary	Espenak, F., Path of Total Solar Eclipse of 2024 Apr 08, NASA Eclipse Web Site	https://eclipse.gsfc.nasa.gov/SEpath/SEpath2001/SE2024Apr08Tpath.html	VSOP87/ELP2000-85, Delta T 70.6 s, the 1 to 3 km and 1 to 3 s limb caveat, central line table, greatest eclipse 18:17:18.3 UT. Read via fetch tool.
svs-espenak-radius-reference	primary	Espenak, F., Lunar radius reference page, NASA Eclipse Web Site	https://eclipse.gsfc.nasa.gov/SEmono/reference/radius.html	IAU 1982 k = 0.2725076 as mean radius, 0.272281 as mean minimum for umbral contacts, with the 1986 beaded annular example. Read via fetch tool.
svs-eurekalert-2024	trade	EurekAlert, NASA develops process to create very accurate eclipse maps (2024)	https://www.eurekalert.org/news-releases/1058681	Syndicated NASA release; confirms title, journal, date and DOI. Read via fetch tool.
svs-explanatory-supplement-2012	peer-reviewed	Urban, S. E. and Seidelmann, P. K. (eds.) 2012, Explanatory Supplement to the Astronomical Almanac, 3rd edition	https://uscibooks.aip.org/books/explanatory-supplement-to-the-astronomical-almanac/	The standard modern statement of Bessel's method, cited by the paper and by SVS 4314. Not read here.
svs-fiala-1987-usno	primary	Fiala, A., Bangert, J. A. and Harris, W. T. 1987, Total Solar Eclipse of 17-18 March 1988, USNO Circular 172	https://apps.dtic.mil/sti/tr/pdf/ADA181881.pdf	Suggests interpolating between calculations at two or three heights. Not read; cited via the paper.
svs-folkner-2009-de421	primary	Folkner, W. M., Williams, J. G. and Boggs, D. H. 2009, The Planetary and Lunar Ephemeris DE 421, IPN Progress Report 42-178	https://ipnpr.jpl.nasa.gov/progress_report/42-178/178C.pdf	The ephemeris linked from every SVS eclipse page. Not read.
svs-forbes-carter-2024a	trade	Carter, J. 2024, Why Your Total Solar Eclipse Map Is Now Wrong, Forbes (2024-03-30)	https://www.forbes.com/sites/jamiecartereurope/2024/03/30/why-your-total-solar-eclipse-map-is-suddenly-wrong/	The article that started the March 2024 dispute, cited by Wright and Young. Direct fetch returned 403 and the Wayback capture had no extractable text; not read, cited from the paper's reference list.
svs-github-api-search	unsourced	GitHub repository search for eclipse limb-profile code	https://api.github.com/search/repositories?q=eclipse+%22limb+profile%22	Queries run 2026-09-15 for eclipse umbra lunar limb, eclipse SPICE limb profile LOLA, eclipse limb profile SLDEM, eclipse umbra polygon LOLA, solar eclipse raster shadow map DEM, besselian elements lunar limb correction, and eclipse limb profile. No repository by Wright or SVS and no reimplementation of the raster method was returned.
svs-guhl-2023-joa	trade	Guhl, K. 2023, ATSE2023 solar radius from Baily's beads, Journal for Occultation Astronomy 2023-4, p. 12	https://www.iota-es.de/JOA/JOA2023_4.pdf	Correction plus 0.38 arcsec to 959.63 giving 960.01 plus or minus 0.12 arcsec from the 2023-04-20 northern limit; same issue has Quaglia et al. photodiode results 959.90 to 960.02. PDF downloaded and read.
svs-herald-1983-jbaa	peer-reviewed	Herald, D. 1983, Correcting predictions of solar eclipse contact times for the effects of lunar limb irregularities, JBAA 93, 241	https://ui.adsabs.harvard.edu/abs/1983JBAA...93..241H	The graphical transparency method for limb-corrected contacts, as described by Wright and Young. Not read; ADS returned 405 to the fetch tool.
svs-herald-2006-marginal-zone	company	Herald, D. 2006, The Marginal Zone of the Moon, CDS catalogue VI/122	http://cdsarc.u-strasbg.fr/viz-bin/Cat?VI/122	Herald's digitised limb dataset cited by the paper. Not read.
svs-herald-occult	company	Herald, D., Occult software	https://occultations.org/observing/software/occult/	Pointed to by Wright and Young for details of limb-profile use in occultation software. Not read.
svs-iau-2015-b3	primary	IAU 2015, Resolution B3 on nominal values for selected solar and planetary quantities	https://www.iau.org/static/resolutions/IAU2015_English.pdf	Nominal solar radius 695,700 km, equivalent to 959.22 arcsec. Not read; cited via the paper.
svs-irwin-2024-path	trade	Irwin, J. 2024, Path of the 2024 April 8th Total Solar Eclipse, Besselian Elements	https://www.besselianelements.com/path-of-the-2024-april-8th-total-solar-eclipse/	Announces the true-limb map with error bars versus smooth limits. Read via fetch tool.
svs-irwin-quaglia-2024-technical	trade	Irwin, J. and Quaglia, L. 2024, Technical Details of the true-limb Eclipse Path Determination, Besselian Elements	https://www.besselianelements.com/technical-details-of-the-true-limb-eclipse-path-determination/	Page text plus the parameter table image tech_parameters.png (DE440, IAU2006A with EOP, 959.95 arcsec, 1738.091 km, SLDEM2015/LDEM128, Earth2014, EGM96, proprietary EclipseView). Page read via fetch tool, image viewed directly.
svs-jubier-2021-sf2a	unsourced	Jubier, X., Koutchmy, S., Daniel, J.-Y. et al. 2021, SF2A pro-am presentation on the 2024 eclipse	https://proam-gemini.fr/wp-content/uploads/2021/11/2021-ProAm-SF2A-O-Planifier-des-observations-a-la-grande-eclipse-totale-de-2024.-presentation.pdf	Source of the 959.98 arcsec value cited by Wright and Young. Link returns 404; not read.
svs-jubier-google-maps	company	Jubier, X., Solar Eclipses Interactive Google Maps index	http://xjubier.free.fr/en/site_pages/SolarEclipsesGoogleMaps.html	Describes per-click limb profile, Baily's beads and terrain elevation features; no constants stated. Read via curl; the 2024 map page is a JavaScript loader and the fetch tool was refused.
svs-jubier-maestro	company	Jubier, X., Solar Eclipse Maestro software page	http://xjubier.free.fr/en/site_pages/solar_eclipses/Solar_Eclipse_Maestro_Photography_Software.html	Feature list for the macOS software cited by Wright and Young as the engine adapted for Zeiler's raster maps; no constants stated. Read via curl.
svs-lamy-2015-soph	peer-reviewed	Lamy, P., Prado, J.-Y., Floyd, O. et al. 2015, A Novel Technique for Measuring the Solar Radius from Eclipse Light Curves, Solar Physics 290, 2617	https://doi.org/10.1007/s11207-015-0787-8	959.99 plus or minus 0.06 arcsec from 2010 to 2015 light curves, as cited by Wright and Young. DOI from Crossref; not read.
svs-lro-coordinate-system-2008	primary	LRO Project 2008, A Standardized Lunar Coordinate System for the Lunar Reconnaissance Orbiter	https://pds-imaging.jpl.nasa.gov/documentation/LRO_Coordinate_System.pdf	Defines the Mean Earth/Polar Axis system for PDS products, the 1737.4 km reference radius and DE421 as the selected ephemeris. PDF downloaded and read.
svs-naif-spice	primary	NAIF, SPICE toolkit and generic kernels	https://naif.jpl.nasa.gov/naif/data_generic.html	Source of de440.bsp, moon_pa_de440_200625.bpc, moon_de440_200625.tf, earth_latest_high_prec.bpc named in the paper. Not read.
svs-nasa-2023-map-article	primary	NASA, New NASA Map Details 2023 and 2024 Solar Eclipses in the US (2023-03-08)	https://www.nasa.gov/solar-system/new-nasa-map-details-2023-and-2024-solar-eclipses-in-the-us/	Names SRTM, LRO, NAIF positions, Blue Marble, Black Marble; Wright calculated shadow location and shape. Read via fetch tool.
svs-nasa-accurate-maps-article	primary	NASA Science, NASA Develops Process to Create Very Accurate Eclipse Maps (2024-09-19)	https://science.nasa.gov/solar-system/skywatching/eclipses/solar-eclipses/nasa-develops-process-to-create-very-accurate-eclipse-maps	Press article on the paper with Wright's quotes ("why does it look like a potato"). Read via fetch tool.
svs-park-2021-de440	peer-reviewed	Park, R. S., Folkner, W. M., Williams, J. G. and Boggs, D. H. 2021, The JPL Planetary and Lunar Ephemerides DE440 and DE441, AJ 161, 105	https://doi.org/10.3847/1538-3881/abd414	The ephemeris named in the paper's Appendix A (de440.bsp). Not read.
svs-pds-lola	primary	PDS Geosciences Node, LRO LOLA data page	https://pds-geosciences.wustl.edu/missions/lro/lola.htm	Lists EDR, RDR, GDR, SHADR and SLDEM products and archive directories; the link the paper gives for the DEMs. Read via fetch tool.
svs-prsa-2016	peer-reviewed	Prsa, A., Harmanec, P., Torres, G. et al. 2016, Nominal values for selected solar and planetary quantities: IAU 2015 Resolution B3, AJ 152, 41	https://doi.org/10.3847/0004-6256/152/2/41	Source of the "conversion factors only" quotation in the paper. Not read.
svs-quaglia-2021-apjs	peer-reviewed	Quaglia, L., Irwin, J., Emmanouilidis, K. and Pessi, A. 2021, Estimation of the Eclipse Solar Radius by Flash Spectrum Video Analysis, ApJS 256, 36	https://doi.org/10.3847/1538-4365/ac1279	959.95 plus or minus 0.05 arcsec from 2017 southern-limit flash-spectrum video, no wavelength dependence. Abstract read at arXiv:2107.09416; full text not read.
svs-scott-1988-aj	peer-reviewed	Scott, D. K. 1988, Errors in the Watts limb charts, AJ 95, 1567	https://ui.adsabs.harvard.edu/abs/1988AJ.....95.1567S	Documents flaws in the Watts profiles. Not read; cited via the paper.
svs-smith-2017-lola	peer-reviewed	Smith, D. E., Zuber, M. T., Neumann, G. A. et al. 2017, Summary of the results from the Lunar Orbiter Laser Altimeter after seven years in lunar orbit, Icarus 283, 70	https://doi.org/10.1016/j.icarus.2016.06.006	LOLA mission summary cited by the paper. Not read.
svs-usra-newsroom-2024	company	USRA newsroom, A New Process Brings Precision to Eclipse Mapping (2024-09-26)	https://newsroom.usra.edu/a-new-process-brings-precision-to-eclipse-mapping/	Employer press release naming the paper and journal. Direct fetch returned 403; read from Wayback capture 2024-09-27.
svs-wang-2021-raa	peer-reviewed	Wang, Y.-B., Yan, J.-G., Ye, M. et al. 2021, Research in Astronomy and Astrophysics 21, 011	https://doi.org/10.1088/1674-4527/21/1/11	Pointed to by Wright and Young for lunar limb-profile details. Not read.
svs-watts-1963	primary	Watts, C. B. 1963, The Marginal Zone of the Moon, Astronomical Papers of the American Ephemeris 17, 1	https://ui.adsabs.harvard.edu/abs/1963USNAO..17....1W	The 1963 limb charts from about 700 photographs over 17 years, used for half a century. Not read; cited via the paper and SVS 4517.
svs-williams-1971-afcrl	primary	Williams, W. J. 1971, Prediction and analysis of solar eclipse circumstances, AFCRL-71-0049	https://apps.dtic.mil/sti/tr/pdf/AD0726626.pdf	Adapting Bessel to observer elevation by replacing the unit Earth radius. Not read; cited via the paper.
svs-wright-young-2024	peer-reviewed	Wright, E. and Young, C. A. 2024, A Raster-oriented Method for Creating Eclipse Maps, AJ 168, 163	https://doi.org/10.3847/1538-3881/ad6b23	The paper. Read in full from the Wayback capture of the IOP PDF dated 2024-11-19 (iopscience.iop.org/article/10.3847/1538-3881/ad6b23/pdf), extracted with pdftotext. CC BY 4.0. Sections 4 and 5 give the limb-profile construction and the limb test; Appendix A gives the SPICE calls.
svs-young-2019-asp	peer-reviewed	Young, C. A., Debebe, A., Cline, T. et al. 2019, in ASP Conference Series 516, Celebrating the 2017 Great American Eclipse, p. 287	https://ui.adsabs.harvard.edu/abs/2019ASPC..516..287Y	The 2017 outreach statistics cited by the paper. Not read.
svs-zeiler-2012-seml	unsourced	Zeiler, M. 2012, ASE 2012 Animation and Maps, SEML message 14852	https://groups.io/g/SEML/message/14852	The 2012 limb-corrected maps cited by the paper. Not read.
svs-zeiler-double-diamond	company	Zeiler, M. 2024, Finding the Double Diamond Ring, GreatAmericanEclipse.com	https://www.greatamericaneclipse.com/double-diamond-ring	Umbra polygon as convex hull of chords, Zeiler's 2011 to 2012 maps with Jubier, and the 2017 comparison with Wright showing "good agreement despite a different computational process". Read via fetch tool.
sw-astro-go	company	Starainrt/astro (Go astronomy library) README	https://github.com/Starainrt/astro	Read live. VSOP87 and ELP2000/82 built in, Meeus-based, central path and footprints, Apache-2.0, 157 stars.
sw-astronomia-eclipse	company	astronomia src/eclipse.js (commenthol)	https://github.com/commenthol/astronomia/blob/master/src/eclipse.js	Read live. Meeus chapter 54 global circumstances only.
sw-astronomy-bundle-php	company	andrmoel/astronomy-bundle README	https://github.com/andrmoel/astronomy-bundle	Read live. PHP library with local circumstances C1 to C4 from VSOP87 and Meeus; MIT.
sw-astronomy-engine-c	company	Astronomy Engine source/c/astronomy.c	https://github.com/cosinekitty/astronomy/blob/master/source/c/astronomy.c	Raw source downloaded 2026-09-15 (122 KB) and grepped. CalcShadow, GeoidIntersect, LocalEclipse, Obscuration, EclipseKindFromUmbra.
sw-astronomy-engine-h	company	Astronomy Engine source/c/astronomy.h	https://github.com/cosinekitty/astronomy/blob/master/source/c/astronomy.h	Raw header downloaded. SUN_RADIUS_KM 695700, EARTH_EQUATORIAL_RADIUS_KM 6378.1366, EARTH_FLATTENING 0.996647180302104, struct field documentation.
sw-astronomy-engine-repo	company	Astronomy Engine (cosinekitty/astronomy) README	https://github.com/cosinekitty/astronomy	Read live. MIT, C, C#, JS, Python, Kotlin; 1 arcminute accuracy claim against NOVAS; predicts lunar and solar eclipses.
sw-astropy-issues	unsourced	astropy issues search for solar eclipse	https://github.com/astropy/astropy/issues?q=solar+eclipse	Read live. Two unrelated issues; no eclipse prediction feature.
sw-celestialprogramming-bessel	trade	Celestial Programming: Computing Besselian Element Polynomial Coefficients	https://celestialprogramming.com/eclipsesGeneratingBesselianElements/generatingBesselianPolynomials.html	Read live. DE405 extract, formulas for x, y, z, mu, k = 0.2725076, solar radius 6.957e8 m, five-point cubic fit, agreement with Espenak to about seven decimals.
sw-celestialprogramming-home	trade	Celestial Programming (Greg Miller) home page	https://celestialprogramming.com/	Read live. Lists the eclipse map, Besselian polynomial generator and prediction articles.
sw-celestialprogramming-pred	trade	Celestial Programming: Solar Eclipse Predictions Using Besselian Elements	https://celestialprogramming.com/articles/eclipsePredictions/predictions.html	Read live. Work in progress; cites Explanatory Supplement, Meeus, Chauvenet, Green, Smart; code in the Eclipse Map.
sw-copernicus-dem	primary	Copernicus DEM on the AWS Open Data Registry	https://registry.opendata.aws/copernicus-dem/	Reachable (HTTP 200); page not read in full.
sw-darts-selene	primary	JAXA DARTS SELENE (Kaguya) data archive	https://darts.isas.jaxa.jp/planet/pdap/selene/	Reachable (HTTP 200); product pages not read. Entry point for LALT topography.
sw-eclipsedroid	company	EclipseDroid (Wolfgang Strickling)	http://www.strickling.net/eclipsedroid.htm	Read live. States that the eclipse algorithms came from Deirdre O'Byrne's JavaScript Eclipse Calculator and that a 3000 BC to 3000 AD database is downloadable.
sw-eclipsewise-2024	company	EclipseWise: Total Solar Eclipse of 2024 April 08	https://eclipsewise.com/solar/SEnews/TSE2024/TSE2024.html	Fetched live 2026-09-15 with curl. Lists the Eclipse Bulletin extras (libration values, shadow contact data, central line data, polynomial Besselian elements, limb profile).
sw-eclipsewise-radius	company	EclipseWise: Solar Eclipse Predictions and the Mean Lunar Radius (Espenak)	https://eclipsewise.com/solar/SEhelp/SEradius.html	Read from a Wayback Machine snapshot (2025) because the live site returned 403. States the k convention used on EclipseWise and the 2017 duration comparison table.
sw-eo-features	company	Eclipse Orchestrator: Features	https://www.moonglowtech.com/products/EclipseOrchestrator/Features.shtml	Read from a Wayback Machine snapshot (2025). Baily's beads simulation, refraction, limb effects and ΔT correction, GPS PPS timing.
sw-eo-index	company	Moonglow Technologies: Eclipse Orchestrator	https://www.moonglowtech.com/products/EclipseOrchestrator/index.shtml	Read from a Wayback Machine snapshot (2025); live site unreachable. Version 3.9.3 (2024-03-28), Windows, Free and Pro ($109), advice to use 959.98 arcsec solar radius with refraction and limb correction on.
sw-gae-2024	company	GreatAmericanEclipse.com: April 8, 2024	https://www.greatamericaneclipse.com/april-8-2024	Read live. Only ArcGIS attribution; no computational sources stated.
sw-gae-faq	company	GreatAmericanEclipse.com FAQ	https://www.greatamericaneclipse.com/faq	Read live. No computational source statements.
sw-gae-home	company	GreatAmericanEclipse.com home page (Zeiler)	https://www.greatamericaneclipse.com/	Read live. Credits Espenak for predictions and Jubier for computations, LRO terrain data, ArcGIS Pro.
sw-github-api-search	unsourced	GitHub repository search API queries run for this survey	https://api.github.com/search/repositories	Queries run 2026-09-15: besselian elements; solar eclipse calculator; solar eclipse path; eclipse circumstances; solar eclipse besselian; eclipse limb profile; baily beads; eclipse explorer; solar eclipse by language (Rust, Go, Julia, Java, C++); pyeclipse; eclipsecalc; eclipse predictor; solar eclipse Python besselian OR circumstances OR contact. Metadata (stars, language, licence, last push) taken from the repos endpoint.
sw-gmiller-5mcse-repo	company	gmiller123456/FiveMillenniumCanonOfSolarEclipses-Besselian-Elements	https://github.com/gmiller123456/FiveMillenniumCanonOfSolarEclipses-Besselian-Elements	Read live. Repackaging of the NASA Besselian elements as CSV, JS and JSON; 3 stars; last push 2023-03-10.
sw-horizons-manual	primary	JPL Horizons System Manual	https://ssd.jpl.nasa.gov/horizons/manual.html	Read live. Observer table quantities, DE440/DE441, satellite eclipse circumstances; no solar eclipse product.
sw-iers-finals	primary	IERS finals.all (IAU2000)	https://datacenter.iers.org/data/latestVersion/finals.all.iau2000.txt	Reachable (HTTP 200, text/plain). UT1-UTC and polar motion.
sw-iota-occult	company	IOTA: Occult software page	https://occultations.org/observing/software/occult/	Read live. Tutorial PDFs listed; no eclipse method statement.
sw-jpl-de440	primary	JPL DE440 planetary ephemeris (SPK)	https://ssd.jpl.nasa.gov/ftp/eph/planets/bsp/de440.bsp	Reachable (HTTP 200, binary).
sw-jubier-2024-map	company	Jubier: 2024 April 8 Total Solar Eclipse Interactive Google Map	http://xjubier.free.fr/en/site_pages/solar_eclipses/TSE_2024_GoogleMapFull.html	Fetched with curl 2026-09-15 (WebFetch refused). The page embeds its own Besselian element array with ΔT = 69.1 s and lists the JavaScript files it loads.
sw-jubier-5mcse	company	Jubier: Five Millennium Canon of Solar Eclipses interface	http://xjubier.free.fr/en/site_pages/solar_eclipses/5MCSE/xSE_Five_Millennium_Canon.html	Fetched with curl. States that all data is provided by Espenak and Meeus and that KMZ and maps are generated on the fly for 11,898 eclipses.
sw-jubier-calc-js	company	Jubier: EclipseCalculatorGM3_xSE.js (Solar Eclipse Calculator for Google Maps v3)	http://xjubier.free.fr/javascript/EclipseCalculatorGM3_xSE.js	Source read (198 KB, downloaded 2026-09-15). Change log 2007 to 2016, constants, k1/k2 ratio, Watts and Kaguya limb correction hooks, refraction and elevation handling.
sw-jubier-gm-index	company	Jubier: Solar Eclipses Interactive Google Maps index	http://xjubier.free.fr/en/site_pages/SolarEclipsesGoogleMaps.html	Fetched with curl. Describes the map features (elevation profile, limb profile and Baily's beads screenshots).
sw-jubier-sem	company	Jubier: Solar Eclipse Maestro for MacOS X	http://xjubier.free.fr/en/site_pages/solar_eclipses/Solar_Eclipse_Maestro_Photography_Software.html	Fetched with curl. Version 1.9.0v1 (2019-06-09), donationware, Baily's beads preview, camera control, macOS up to Mojave only.
sw-libnova-solar	company	libnova: Solar functions (API documentation)	https://libnova.sourceforge.net/group__solar.html	Read live. Function list contains coordinates, rise/set and semidiameter only.
sw-lola-gdr	primary	LRO LOLA Gridded Data Records (PDS Geosciences Node)	https://pds-geosciences.wustl.edu/lro/lro-l-lola-3-rdr-v1/lrolol_1xxx/data/lola_gdr/	Read live. Subdirectories cylindrical and polar.
sw-lola-gdr-img	primary	LOLA GDR cylindrical IMG directory	https://pds-geosciences.wustl.edu/lro/lro-l-lola-3-rdr-v1/lrolol_1xxx/data/lola_gdr/cylindrical/img/	Read live. ldem_4, ldem_16, ldem_64, ldem_128, ldem_256 hemisphere files and ldem_1024 tiles with sizes.
sw-meeus-go-eclipse	company	soniakeys/meeus eclipse package (Go)	https://pkg.go.dev/github.com/soniakeys/meeus/v3/eclipse	Read live. Solar(year) and Lunar(year) return type, central flag, jmax, gamma, magnitude.
sw-naif-moon-pa	primary	NAIF moon_pa_de421_1900-2050.bpc	https://naif.jpl.nasa.gov/pub/naif/generic_kernels/pck/moon_pa_de421_1900-2050.bpc	Reachable (HTTP 200). Lunar orientation kernel used by repositories that build limb profiles.
sw-nasa-5mcse-catalog	primary	Five Millennium Catalog of Solar Eclipses: -1999 to +3000 (NASA GSFC)	https://eclipse.gsfc.nasa.gov/SEcat5/SEcatalog.html	Read live. States VSOP87 and ELP-2000/82, the ΔT approach by era, n-dot = -25.858 arcsec/cy^2, and links to the CSV of Besselian elements.
sw-nasa-5mcse-key	primary	Key to Catalog of Solar Eclipses (NASA GSFC)	https://eclipse.gsfc.nasa.gov/SEcat5/SEcatkey.html	Read live. Column definitions (gamma, magnitude, QLE, path width, central duration) and the ephemeris statement.
sw-nasa-bessel-2024	primary	Besselian Elements for 2024 Apr 08 Total Solar Eclipse (Espenak, NASA GSFC)	https://eclipse.gsfc.nasa.gov/SEbeselm/SEbeselm2001/SE2024Apr08Tbeselm.html	Read live. Gives the polynomial elements, k1 = 0.272488, k2 = 0.272281, ΔT = 70.6 s, ephemeris VSOP87/ELP2000-85, least-squares fit over six hours.
sw-nasa-bessel-csv	primary	Catalog of Solar Eclipse Besselian elements in CSV format (NASA GSFC)	https://eclipse.gsfc.nasa.gov/eclipse_besselian_from_mysqldump2.csv	Downloaded 2026-09-15: 5.95 MB, 11,898 data rows, 55 columns including x0..x3, y0..y3, d0..d2, mu0..mu2, l10..l12, l20..l22, tan_f1, tan_f2, t0, dt.
sw-nasa-deltatpoly	primary	Polynomial Expressions for Delta T (Five Millennium Canon)	https://eclipse.gsfc.nasa.gov/SEcat5/deltatpoly.html	Read live. Piecewise polynomials by year range and the secular-acceleration correction c = -0.000012932 (y - 1955)^2.
sw-nasa-eclipse-explorer-app	primary	NASA Eclipse Explorer (web application)	https://eclipse-explorer.smce.nasa.gov/	Only the HTML shell (529 bytes) was retrievable; the application is script-rendered. Inventoried by name and URL only.
sw-nasa-jsex-index	primary	JavaScript Solar Eclipse Explorer (NASA GSFC)	https://eclipse.gsfc.nasa.gov/JSEX/JSEX-index.html	Read live 2026-09-15. States authorship (O'Byrne, McCann, Espenak), coverage -1499 to 3000, and that elements and ΔT match the Five Millennium Canon.
sw-nasa-jsex-program-js	primary	JSEX program.js (JavaScript source of the Solar Eclipse Explorer)	https://eclipse.gsfc.nasa.gov/JSEX/program.js	Source read in full (36.8 KB, downloaded 2026-09-15). GPL v2+. Contains the local-circumstance algorithm, the observer geocentric constants and the crude refraction handling.
sw-nasa-path-2024	primary	Path of Total Solar Eclipse of 2024 Apr 08 (NASA GSFC)	https://eclipse.gsfc.nasa.gov/SEpath/SEpath2001/SE2024Apr08Tpath.html	Read live. Northern limit, southern limit and central line at 120-second intervals in WGS 84, with diameter ratio, Sun altitude and azimuth, path width and duration.
sw-novas-info	primary	USNO: NOVAS information	https://aa.usno.navy.mil/software/novas_info	Read live. NOVAS 3.1 scope is positional astronomy; no eclipse routines are described.
sw-occult4	company	Occult v4 (David Herald) home page	http://www.lunar-occultations.com/iota/occult4.htm	Fetched with curl 2026-09-15. Feature list, C#/.NET 4.5, 42 data files, installer sizes. Eclipse-specific help is inside the Windows help file and was not read.
sw-pyephem-quick	company	PyEphem Quick Reference	https://rhodesmill.org/pyephem/quick.html	Read live. separation(), size and radius attributes; no eclipse functions.
sw-pymeeus-docs	company	PyMeeus documentation index	https://pymeeus.readthedocs.io/en/latest/	Read live (index only). No eclipse module visible in the module list.
sw-repo-absolute-eclipse	company	Absolute-Eclipse/eclipse-data	https://github.com/Absolute-Eclipse/eclipse-data	Read live. Verified local circumstances for 9,438 European cities for 2026 and 2027 from Espenak elements; residuals 1 to 5 s; MIT code, CC-BY-4.0 data.
sw-repo-angristan	company	angristan/eclipse (interactive eclipse map)	https://github.com/angristan/eclipse	Read live. astronomy-engine based, WGS84 axis intersection, accuracy a few kilometres; MIT; last push 2026-09-09.
sw-repo-aravpanwar-besselian	company	aravpanwar/besselian	https://github.com/aravpanwar/besselian	Read live. Local circumstances from NASA elements for 2027 Egypt towns; k1 = 0.272488, k2 = 0.272281, ΔT = 76.0 s; AGPL-3.0.
sw-repo-eclipse-2026-rojas	company	tomasrojasc/eclipse-2026	https://github.com/tomasrojasc/eclipse-2026	Read live. Skyfield with DE421, LOLA LDEM_16 limb profile, moon_pa_de421 orientation, Baily's beads per bead; 84 tests; no licence stated.
sw-repo-eclipse-3d-sim	company	carlok/eclipse-3d-sim	https://github.com/carlok/eclipse-3d-sim	Read live. Astronomy Engine circumstances plus DEM ray-casting (Copernicus 30 m via OpenTopography); no licence stated.
sw-repo-eclipse-engine	company	RHerAle/Eclipse-Engine (eclipseradar.com engine)	https://github.com/RHerAle/Eclipse-Engine	Read live. Besselian geometry, elements fitted to DE440s, terrain skyline from DEM and OSM, AGPL-3.0, last push 2026-09-14.
sw-repo-eclipse-explorer-mirror	company	ebradyjobory/eclipse-explorer (mirror of NASA JSEX and JLEX)	https://github.com/ebradyjobory/eclipse-explorer	Read live. One commit (2010), GPL-2.0, 16 stars.
sw-repo-eclipsetracks	company	Frencil/eclipsetracks (EclipseTracks.org)	https://github.com/Frencil/eclipsetracks	Read live. Scrapes NASA path tables into CZML for Cesium; does not compute the umbra; Apache-2.0; 31 stars.
sw-repo-eclipsite	company	Xeratec/eclipsite	https://github.com/Xeratec/eclipsite	Read live. Skyfield DE421 plus NASA Besselian cross-check (0.36 s mean difference), EU-DEM 25 m skyline, RMS 0.60 s against IGN durations; MIT.
sw-repo-fizyk20	unsourced	fizyk20/eclipse-predictor	https://github.com/fizyk20/eclipse-predictor	Read live. Rust, 8 commits, no README detail.
sw-repo-johanley	company	johanley/custom-solar-eclipse-viewer (Java) and its documentation page	https://johanley.github.io/custom-solar-eclipse-viewer/	Read live. Cites Meeus Elements of Solar Eclipses (1989) and the 1961 Explanatory Supplement; Java; no licence stated.
sw-repo-johnarban	company	johnarban/eclipse_explorer (TypeScript port of NASA JSEX)	https://github.com/johnarban/eclipse_explorer	Read live. GPL-3.0, 12 commits, SE2001 and SE2024 element files, last push 2026-07-15.
sw-repo-jpatka	company	jpatka/Eclipse-Explorer	https://github.com/jpatka/Eclipse-Explorer	Read live. Skyfield DE421, refraction; no validation; MIT.
sw-repo-mf4633	company	mf4633/eclipse-predictor	https://github.com/mf4633/eclipse-predictor	Read live. Single HTML file, astronomy-engine plus Besselian tracing, claims 1 to 2 km path accuracy; MIT.
sw-repo-pyeclipsesimulator	company	pmisson/pyeclipsesimulator	https://github.com/pmisson/pyeclipsesimulator	Read live. Astropy based, refraction libraries, compared against Jubier to within seconds; MIT; largely generated by an LLM.
sw-repo-sedategenerator	company	i230010/sedategenerator_v2	https://github.com/i230010/sedategenerator_v2	Read live. Produces polynomial Besselian elements and ΔT in CSV; ephemeris source not documented; MIT.
sw-repo-sew	company	AstroWimSara/SolarEclipseWorkbench	https://github.com/AstroWimSara/SolarEclipseWorkbench	Read live. Astropy and IERS for ΔT, solar radius 959.95 arcsec, bundled lunar limb band file, SPICE kernels; GPL-3.0; 20 stars.
sw-repo-spamfour	unsourced	sPaMFouR/SolarEclipse	https://github.com/sPaMFouR/SolarEclipse	Read live. Astropy and astroplan notebook, under development, no method documented.
sw-repo-sunsketcher	company	ArctynFox/SunSketcher	https://github.com/ArctynFox/SunSketcher	Read live. NASA-partnered Android app for Baily's beads imagery; README has build instructions only.
sw-repo-tahze0	company	tahze0/solar-eclipse-explorer	https://github.com/tahze0/solar-eclipse-explorer	Read live. Reconstructs all 11,898 Canon eclipses from the NASA CSV; path width median error 0.26 percent; MIT; last push 2026-09-08.
sw-repo-twilight	unsourced	curiousleo/twilight	https://github.com/curiousleo/twilight	Read live. Numerical integration of Sun, Earth and Moon with geometric eclipse test; C++; 2013.
sw-repo-umbra-atlas	company	plhery/umbra-eclipse-atlas	https://github.com/plhery/umbra-eclipse-atlas	Read live. Uses @astronomy-bundle/solar-eclipse with NASA Canon elements, Copernicus DEM skyline; MIT.
sw-repo-umbra-rs	unsourced	RyuuNeko1107/umbra-rs	https://github.com/RyuuNeko1107/umbra-rs	Read live. Experimental Rust engine, VSOP87 and ELP-MPP02, mean limb, declared not ready for use; last push 2026-09-15.
sw-set-home	company	Solar Eclipse Timer (Telepun)	https://www.solareclipsetimer.com/	Read live. No technical statement about the computation; only automatic geolocation and automatic contact times.
sw-skyfield-almanac	company	Skyfield: Almanac documentation	https://rhodesmill.org/skyfield/almanac.html	Read live. Lunar eclipses only; Explanatory Supplement method; comparison against the lunar Canon.
sw-skyfield-eclipselib	company	Skyfield skyfield/eclipselib.py	https://github.com/skyfielders/python-skyfield/blob/master/skyfield/eclipselib.py	Read live (raw). Constants for the lunar routine; no solar routine.
sw-skyfield-issue-1078	unsourced	Skyfield issue #1078 Solar Eclipse calculation routine	https://github.com/skyfielders/python-skyfield/issues/1078	Read live. Proposal from 2025 with validation claim against NASA; no maintainer reply visible.
sw-skyfield-issue-445	unsourced	Skyfield issue #445 Eclipse Functionality	https://github.com/skyfielders/python-skyfield/issues/445	Read live. Feature request from 2020, open.
sw-skyfield-pr-1076	unsourced	Skyfield pull request #1076 Add routine and test for the solar eclipse calculation	https://github.com/skyfielders/python-skyfield/pull/1076	Read live. Geometric minimum-angle search; open at time of reading.
sw-sldem2015	primary	SLDEM2015 directory (PDS Geosciences Node)	https://pds-geosciences.wustl.edu/lro/lro-l-lola-3-rdr-v1/lrolol_1xxx/data/sldem2015/	Read live. Subdirectories global and tiles.
sw-sofa-home	primary	IAU SOFA home page	https://www.iausofa.org/	Read live. Scope statement (standard models of fundamental astronomy); release 2023-10-11; no eclipse routine mentioned.
sw-solareclipses-2024	company	solareclipses.com 2024 eclipse site (successor to eclipse2024.org, McGlaun / 5th Contact LLC)	https://solareclipses.com/2024eclipse/	Read live after a 301 from eclipse2024.org. Lists simulator pages; no methodology.
sw-solareclipses-sim	company	solareclipses.com: Eclipse Simulator	https://solareclipses.com/2024eclipse/eclipse-simulator/	Read live. Marketing text only; no statement of method.
sw-spice-gfoclt	primary	NAIF CSPICE gfoclt_c documentation	https://naif.jpl.nasa.gov/pub/naif/toolkit_docs/C/cspice/gfoclt_c.html	Read live. Occultation types, shape models including DSK, Example 1 is Sun occulted by Moon seen from Earth centre.
sw-spice-gfsep	primary	NAIF CSPICE gfsep_c documentation	https://naif.jpl.nasa.gov/pub/naif/toolkit_docs/C/cspice/gfsep_c.html	Read live. Angular separation search; ELLIPSOID shape not implemented; restrictions on zero-separation searches.
sw-spice-lessons	primary	NAIF SPICE lessons index	https://naif.jpl.nasa.gov/naif/lessons.html	Read live. Geometric Event Finding lesson uses Mars Express, not a solar eclipse.
sw-srtmgl1	primary	NASA LP DAAC: SRTMGL1 v003	https://lpdaac.usgs.gov/products/srtmgl1v003/	Reachable (HTTP 200); product page not read in full.
sw-stellarium-astrocalc	company	Stellarium src/gui/AstroCalcDialog.cpp	https://github.com/Stellarium/stellarium/blob/master/src/gui/AstroCalcDialog.cpp	Read from the same clone. Eclipse tables, local circumstances export, ΔT warning text.
sw-stellarium-sec-cpp	company	Stellarium src/core/SolarEclipseComputer.cpp	https://github.com/Stellarium/stellarium/blob/master/src/core/SolarEclipseComputer.cpp	Read from a sparse clone at commit 69888f4 (2026-09-14). 2,183 lines. Besselian elements, k and s constants, Explanatory Supplement references, KML and PNG map export.
sw-stellarium-sec-hpp	company	Stellarium src/core/SolarEclipseComputer.hpp	https://github.com/Stellarium/stellarium/blob/master/src/core/SolarEclipseComputer.hpp	Read from the same clone. Documents the EclipseBesselElements and EclipseMapData structures.
sw-stellarium-stelcore	company	Stellarium src/core/StelCore.cpp (ΔT algorithms)	https://github.com/Stellarium/stellarium/blob/master/src/core/StelCore.cpp	Read from the same clone. Default ΔT is EspenakMeeusModified; describes the Espenak and Meeus polynomial and its use in the Canons.
sw-stellarium-v022	company	Stellarium release v0.22.2 notes	https://github.com/Stellarium/stellarium/releases/tag/v0.22.2	Read live. Mentions improvements to AstroCalc eclipses and transits.
sw-stellarium-v1	company	Stellarium release v1.0 notes	https://github.com/Stellarium/stellarium/releases/tag/v1.0	Read live. KML map of solar eclipses and global contact times added to AstroCalc.
sw-stellarium-v242	company	Stellarium release v24.2 notes	https://github.com/Stellarium/stellarium/releases/tag/v24.2	Read live. Solar eclipse computations moved out of Planet.cpp and AstroCalcDialog into core; raster map export added.
sw-sunpy-eclipse-amount	company	sunpy.coordinates.sun.eclipse_amount API documentation	https://docs.sunpy.org/en/stable/generated/api/sunpy.coordinates.sun.eclipse_amount.html	Read live. moon_radius options IAU 0.2725076 and minimum 0.272281; constant-radius caveat; recommends a JPL ephemeris.
sw-sunpy-gallery-eclipse	company	sunpy gallery: Obtaining solar-eclipse information	https://docs.sunpy.org/en/stable/generated/gallery/showcase/eclipse_amount.html	Read live. Uses de440s and ITRS observer positions.
sw-svs-4518	primary	NASA SVS 4518: 2017 Total Solar Eclipse shapefiles and map	https://svs.gsfc.nasa.gov/4518	Read from a Wayback Machine snapshot (2025). States lunar topography from LRO laser altimetry and Kaguya stereo imaging, DE421, SRTM, and that the limb profile and eclipse calculations are by the visualizer.
sw-svs-5073	primary	NASA SVS 5073: The 2023 and 2024 Solar Eclipses: Map and Data	https://svs.gsfc.nasa.gov/5073	Read from a Wayback Machine snapshot (2025) because svs.gsfc.nasa.gov refused connections. Lists the shapefile and KML contents and the data sources (SRTM, LRO, DE421).
sw-svs-5123	primary	NASA SVS 5123: 2024 Total Solar Eclipse map	https://svs.gsfc.nasa.gov/5123	Read from a Wayback Machine snapshot (2025). Same data sources as 5073; links 2024eclipse_shapefiles.zip.
sw-swisseph-gendoc	company	Swiss Ephemeris General Documentation	https://www.astro.com/swisseph/swisseph.htm	Read live. Licensing (AGPL or professional licence), DE431 basis and time range, ΔT model since 2.06 based on Stephenson, Morrison and Hohenkerk 2016.
sw-swisseph-progdoc	company	Swiss Ephemeris Programmer's Documentation	https://www.astro.com/swisseph/swephprg.htm	Read live. Return flags and output arrays of the swe_sol_eclipse_* functions; note that the umbral and penumbral limits are not implemented.
sw-swisseph-swecl	company	Swiss Ephemeris swecl.c (eclipse routines)	https://github.com/aloistr/swisseph/blob/master/swecl.c	Read from a depth-1 clone at commit 9083a12 (2026-09-14), SE_VERSION 2.10.03. Functions eclipse_where, eclipse_how, eclipse_when_loc and their constants and comments.
sw-swisseph-sweph-h	company	Swiss Ephemeris sweph.h (constants)	https://github.com/aloistr/swisseph/blob/master/sweph.h	Read from the same clone. SUN_RADIUS 959.63 arcsec, EARTH_RADIUS 6378136.6 m, EARTH_OBLATENESS 1/298.25642, eclipse altitude limits.
sw-timeanddate-accuracy	company	timeanddate.com: Accuracy of Eclipse Times (Bikos)	https://www.timeanddate.com/eclipse/accuracy.html	Read from a Wayback Machine snapshot (2025) because the live site returned 403. States sea-level assumption, no limb profile, ΔT and solar radius caveats.
sw-totality-app	company	Totality by Big Kid Science	https://www.bigkidscience.com/eclipse/	Read live. Credits eclipse code and maps to Xavier Jubier; free; iOS and Android; all total eclipses through 2050.
sw-usno-deltat-data	primary	USNO deltat.data	https://maia.usno.navy.mil/ser7/deltat.data	Reachable (HTTP 200, text/plain). Observed ΔT table.
sw-usno-deltat-preds	primary	USNO deltat.preds	https://maia.usno.navy.mil/ser7/deltat.preds	Reachable (HTTP 200, text/plain). Predicted ΔT table.
sw-usno-sec	primary	USNO Solar Eclipse Computer	https://aa.usno.navy.mil/data/SolarEclipses	Read live. Topocentric iteration, IAU radius values, no limb profile or centre-of-figure correction, JSON API, coverage 2017 to 2026.
val-5mcse-tp2009	primary	Espenak & Meeus (2009), Five Millennium Catalog of Solar Eclipses, NASA TP-2009-214174, and the Canon text (2006) section 1.6 Map Accuracy	https://eclipse.gsfc.nasa.gov/SEpubs/5MCSE.html	Local text read (var/downloads/5MCSE-Text11.txt and TP2009-214174.txt). Lunar ephemeris better than an arcsecond within centuries, 240 s of Delta T equals 1 degree of longitude, reference gores when sigma exceeds 265 s.
val-besselian-jagged	trade	Besselian Elements team (2026), Eclipse Limits and Centreline are jagged lines	https://www.besselianelements.com/jagged-eclipse-limits-and-centreline/	Read via WebFetch summary. States that true-limb limits differ from Jubier's smooth limit by over 1 km at times near Elorrio, Spain (2026 August 12).
val-besselian-maps-accuracy	trade	Besselian Elements team, Experimentally Testing Eclipse Maps Accuracy (2024)	https://www.besselianelements.com/eclipse-maps-accuracy/	Read via WebFetch summary. Stephenville, Texas, 2024 April 8. Observed totality 13.7 s (C2 18:39:06.6, C3 18:39:20.3 UTC) versus six predictions from 12.9 s (Irwin) to 65 s (timeanddate). Authors' own experiment, so trade grade.
val-besselian-path-2024	trade	Irwin (2024), Path of the 2024 April 8th Total Solar Eclipse, Besselian Elements	https://www.besselianelements.com/path-of-the-2024-april-8th-total-solar-eclipse/	Read via WebFetch summary. True-limb limits in orange with error bars, smooth limits in red. Cited by Wright & Young 2024 as Irwin (2024).
val-besselian-solar-radius	trade	Besselian Elements team, Solar Radius page	https://www.besselianelements.com/solar-radius/	Read via WebFetch summary. States 959.95 +/- 0.05 arcsec as the eclipse solar radius the team uses, against 959.63 from Auwers 1891.
val-besselian-technical	trade	Irwin & Quaglia (2024), Technical Details of the true-limb Eclipse Path Determination	https://www.besselianelements.com/technical-details-of-the-true-limb-eclipse-path/	Read via WebFetch summary only. The parameter table is an image and was not extracted. Confirms S = 959.95 arcsec at 1 au.
val-besselian-updates	trade	Besselian Elements team (2026), Eclipse predictions need to be periodically updated	https://www.besselianelements.com/eclipse-predictions-need-to-be-periodically-updated/	Read via WebFetch summary. Explains that EOP (dUT1, polar motion) are the only inputs that change materially. Final 2026 August 12 values dUT1 = +0.03 s, Delta T = +69.15 s, x_p = +0.23 arcsec, y_p = +0.34 arcsec.
val-dunham-2016-iau	peer-reviewed	Dunham, Sofia, Guhl & Herald (2016), Solar diameter measurements from eclipses as a solar variability proxy, IAU Symposium 320	https://ui.adsabs.harvard.edu/abs/2016IAUS..320...	Not read. Cited by Quaglia et al. 2021 for the IOTA 1990s radius range.
val-dunham-iota-2024	trade	Dunham (2024), April 8th Total Solar Eclipse, the Ultimate Lunar Occultation, IOTA page updated 2024 May 6	https://iota.jhuapl.edu/TSE20240408.htm	Full HTML read from a saved copy (var/downloads/iota.jhuapl.edu_TSE20240408.htm.html). Solon, Maine site 3 km north of the predicted southern limit, 43 s of totality, beads over a minute each side. Compares Jubier's and Irwin's limits and recommends umbral depth of at least 2.0 km. States IOTA's revised view that its earlier solar-radius variations were observational error.
val-dunham-nam23grz	trade	Dunham (2023), 2023 North American grazing occultations page, section on the 2023 October 14 annular eclipse at Mentmore NM	https://occultations.org/publications/rasc/2023/nam23grz.htm	Read via WebFetch summary. Site 35.50030 N, 108.85797 W, 1966 m, chosen with Jubier's map. About 3 minutes of beads recorded. No numeric observed-minus-predicted offset is given.
val-earthsky-2024-edges	trade	Adalian (2024), April 8 solar eclipse maps are wrong along the edges, EarthSky	https://earthsky.org/astronomy-essentials/april-8-solar-eclipse-maps-are-wrong-along-the-edges/	Read via WebFetch summary. Journalism quoting C. Alex Young (NASA GSFC) and giving the 2,000 ft (610 m) edge shift for 959.95 versus 959.63 arcsec.
val-eclipsetours-edge	trade	Maley, Eclipse Edge Observation, eclipsetours.com	https://www.eclipsetours.com/eclipse-edge-observation/	Read via WebFetch summary. IOTA method: observers 1 to 3 km inside the edge, timing precision 0.5 s or better, DE200 error under 0.2 arcsec, north-minus-south residual differencing removes ephemeris error.
val-eclipsewise-2017-prime	company	Espenak, Total Solar Eclipse of 2017 Aug 21, EclipseWise prime page	https://eclipsewise.com/solar/SEprime/2001-2100/SE2017Aug21Tprime.html	Read via WebFetch summary. DE405, Delta T = 68.8 s, k = 0.2725076 (penumbra) and 0.2722810 (umbra), central duration 02m40.12s, path width 114.7 km.
val-eclipsewise-2024-circ	company	Espenak, Circumstances calculator for the Total Solar Eclipse of 2024 Apr 08, EclipseWise	https://eclipsewise.com/solar/SEcirc/2001-2100/SE2024Apr08Tcirc.html	Read via WebFetch summary. DE406, Delta T = 71.3 s, coordinates relative to the Moon's centre of mass. City rows are generated by the calculator and were not extracted.
val-eclipsewise-2024-prime	company	Espenak, Total Solar Eclipse of 2024 Apr 08, EclipseWise prime page	https://eclipsewise.com/solar/SEprime/2001-2100/SE2024Apr08Tprime.html	Read via WebFetch summary. DE405, Delta T = 71.5 s, same k values.
val-es1961	peer-reviewed	HMNAO and USNO (1961), Explanatory Supplement to the Astronomical Ephemeris, section 9 examples	https://archive.org/details/explanatorysupplement1961	Local scan text read (var/downloads/es1961_djvu.txt). Worked examples 9.2 to 9.9 for the eclipse of 1961 February 15, usable as hand-checkable reference cases.
val-es1992	peer-reviewed	Seidelmann (ed.) (1992), Explanatory Supplement to the Astronomical Almanac, chapter 8 Eclipses of the Sun and Moon	https://archive.org/details/explanatorysupplement1992	Local scan text read (var/downloads/es1992_djvu.txt). History of the two k values, limb effects of up to two seconds per contact on the central line, and the annotated reference to Herald 1983.
val-fiala-1994	peer-reviewed	Fiala, Dunham & Sofia (1994), Variation of the solar diameter from solar eclipse observations, 1715-1991, Solar Physics 152, 97	https://link.springer.com/article/10.1007/BF01473190	Abstract read. Re-reduction of 1984 observations with newer ephemerides substantially reduced the ephemeris component of the residuals. Per-eclipse values not extracted.
val-gsfc-2017-google	primary	Espenak, Total Solar Eclipse of 2017 Aug 21, NASA GSFC interactive Google map page	https://eclipse.gsfc.nasa.gov/SEgoogle/SEgoogle2001/SE2017Aug21Tgoogle.html	Full HTML read via curl. JPL DE405, Delta T = 68.4 s, greatest duration 2m40.2s uncorrected and 2m41.7s limb-corrected, same 1 to 3 km and 1 to 3 s caveats.
val-gsfc-2024-google	primary	Espenak, Total Solar Eclipse of 2024 Apr 08, NASA GSFC interactive Google map page	https://eclipse.gsfc.nasa.gov/SEgoogle/SEgoogle2001/SE2024Apr08Tgoogle.html	Full HTML read via curl (var/downloads/gsfc_SE2024Apr08Tgoogle.html). VSOP87/ELP2000-85 ephemerides, Delta T = 70.6 s, no limb profile, limits may shift 1 to 3 km, durations 1 to 3 s, greatest-duration point 10 to 20 km.
val-gsfc-deltat-hist	primary	Espenak, Historical Values of Delta T, NASA GSFC eclipse site (2012)	https://eclipse.gsfc.nasa.gov/SEhelp/deltaT2.html	Full HTML read via curl. Table comparing Stephenson & Houlden 1986 with Stephenson 1997 values, differences up to 1294 s at AD 300.
val-gsfc-sepredictions	primary	Espenak, Solar Eclipse Predictions, NASA GSFC eclipse site (2003)	https://eclipse.gsfc.nasa.gov/SEcirc/SEpredictions.html	Full HTML read via curl. Statement of the older ephemeris basis and of k = 0.272281 instead of the IAU 0.2725076, and the responsibility statement.
val-gsfc-uncertainty	primary	Espenak, Uncertainty in Delta T, NASA GSFC eclipse site (2007), adapted from the Five Millennium Canon	https://eclipse.gsfc.nasa.gov/SEhelp/uncertainty2004.html	Full HTML read via curl. Morrison & Stephenson 2004 sigma = 0.8 t^2, tables of sigma and longitude uncertainty from -4000 to +5000, Huber 2000 model.
val-guhl-2023	trade	Guhl (2023), Baily's Beads Observation during the Hybrid Solar Eclipse 2023 April 20, Journal for Occultation Astronomy 2023-4, pp. 12-15	https://www.iota-es.de/JOA/JOA2023_4.pdf	Full PDF read (var/downloads/JOA2023_4.txt). Northern limit of the total segment, Cape Range, Western Australia. Sixteen bead timings, mean correction +0.38 arcsec, result 960.01 +/- 0.12 arcsec.
val-guhl-tegtmeier-2018	trade	Guhl & Tegtmeier (2018), Baily's Beads Observations during the Total Solar Eclipse 2017 August 21, Journal for Occultation Astronomy 2018-3, pp. 19-21	https://www.iota-es.de/JOA/JOA2018_3.pdf	Full PDF read (var/downloads/JOA2018_3.txt). Two IOTA/ES stations, Thermopolis WY 700 m inside the northern limit and Cape Girardeau MO region. Bead-by-bead radius residuals reduced with Occult 4.5.3.0 using LOLA and Kaguya.
val-hayakawa-2026-china	preprint	Hayakawa et al. (2026), Variable Earth's Rotation Speed in the 14th to 16th Centuries: New Delta T Constraints from Chinese Eclipse Records, arXiv:2604.06705	https://arxiv.org/abs/2604.06705	Abstract page read. New bounds such as -328 s <= Delta T <= 332 s in 1542 and 277 s <= Delta T <= 890 s in 1514, tighter than the Morrison 2021 spline.
val-herald-1983	peer-reviewed	Herald (1983), Correcting Predictions of Solar Eclipse Contact Times for the Effects of Lunar Limb Irregularities, J. Brit. Astron. Assoc. 93, 241-246	https://ui.adsabs.harvard.edu/abs/1983JBAA...93..241H	Not read. Cited from the annotated bibliography of the 1992 Explanatory Supplement, which says it estimates the total limb effect and its components.
val-iota-meeting-2018	trade	Nugent (2018), Summary of the 2018 IOTA annual meeting, PoyntSource	http://www.poyntsource.com/Richard/IOTAMeeting2018.htm	Read via WebFetch summary. Dunham's 1998 result: radius reduction 0.20 +/- 0.04 arcsec relative to the standard. States that too few 2017 volunteers were obtained to reach the goals.
val-jsex	primary	O'Byrne & Espenak, JavaScript Solar Eclipse Explorer, NASA GSFC	https://eclipse.gsfc.nasa.gov/JSEX/JSEX-index.html	Full HTML read from a saved copy (var/downloads/jsex_na.html). Uses the Five Millennium Canon elements and Delta T. Declares -1499 to 3000 as the usable range.
val-jubier-calc-instr	company	Jubier and Espenak, Solar eclipse calculator instructions	http://xjubier.free.fr/en/site_pages/SolarEclipseCalc_Diagram.html	Full HTML read from a saved copy. Umbral depth definition, LC correction and lunar limb correction diagrams supplied by Espenak.
val-jubier-map-help	company	Jubier, Interactive Google map help page for solar eclipses	http://xjubier.free.fr/en/site_pages/solar_eclipses/xSE_GoogleMap3_Help.html	Full HTML read from a saved copy. Computations use 959.63 arcsec, the true photospheric radius is stated as closer to 959.98 +/- 0.02 arcsec, limb corrections (LC column) of a few seconds, refraction not applied, extrapolated Delta T good to better than 0.5 s.
val-jubier-sem-limb	company	Jubier, Solar Eclipse Maestro help: LRO-Kaguya-Watts Lunar Limb Profiles Window	http://xjubier.free.fr/en/site_pages/solar_eclipses/Solar_Eclipse_Maestro_Help.html	Full HTML read from a saved copy. Compares LRO, Kaguya and corrected Watts profiles, IAU mean radius 1738.091 km (k = 0.2725076), 0.241 degree Watts angle correction.
val-lamy-2015	peer-reviewed	Lamy, Prado, Floyd et al. (2015), A Novel Technique for Measuring the Solar Radius from Eclipse Light Curves, Solar Physics 290, 2617	https://link.springer.com/article/10.1007/s11207-015-0787-8	Abstract page read. 17 photometer determinations over 2010, 2012, 2013, 2015 with Kaguya limb data. Average 959.99 +/- 0.06 arcsec at 540 nm.
val-maley-edge	trade	Maley, Solar Eclipses from their Limits, Paul D. Maley web pages	https://pauldmaley.com/ecl_edge/	Read via WebFetch summary. Edge expeditions 1973 to 2017 including Minden, Nebraska 2017 with Lisa Clapper's student stations.
val-morrison-2021	peer-reviewed	Morrison, Stephenson, Hohenkerk & Zawilski (2021), Addendum 2020 to Measurement of the Earth's rotation: 720 BC to AD 2015, Proc. R. Soc. A 477, 20200776	https://royalsocietypublishing.org/doi/10.1098/rspa.2020.0776	Not read (HTTP 403). Known only through citations in the ytliu0/DeltaT README and Hayakawa et al. 2026. Provides spline fits to 2025 and a tabulated uncertainty (HMNAO Table S15.2020).
val-nasa-2017-lro-path	primary	NASA (2017), NASA Moon Data Provides More Accurate 2017 Eclipse Path	https://www.nasa.gov/solar-system/nasa-moon-data-provides-more-accurate-2017-eclipse-path/	Read via WebFetch summary. Limb affects timing and duration by several seconds. Quotes Wright and Petro.
val-occult-page	company	Herald, Occult v4 program page (2024)	http://www.lunar-occultations.com/iota/occult4.htm	Full HTML read from a saved copy. Describes scope and data downloads. No published accuracy statement for eclipse contacts.
val-photoephemeris-technote	company	Photo Ephemeris, Technical Note: Solar Eclipse Functionality	https://photoephemeris.com/en/help/photo-ephemeris-web/technical-note-solar-eclipse-functionality	Read via WebFetch summary. Contacts from Meeus elements assuming a smooth Moon, limb effect a few seconds up to about 15 s, simulator radius 959.95 arcsec, Delta T sources by year, TSE2017 Delta T changed from 70.3 s (NASA) to 68.8373 s (USNO).
val-photoephemeris-verification	company	Photo Ephemeris, Verification of Baily's Beads Simulation	https://photoephemeris.com/en/help/photo-ephemeris-web/verification-of-bailys-beads-simulation/	Read via WebFetch summary. Eight sites across 2017, 2019, 2023 compared with recordings. Kaguya/Herald limb data at 1800 points, 0.2 degree spacing, radius 959.95 or 960.01 arcsec. No numeric residuals published.
val-phys-org-wright	unsourced	Phys.org (2024), NASA develops process to create very accurate eclipse maps	https://phys.org/news/2024-09-nasa-accurate-eclipse.html	Read via WebFetch summary. Press coverage of Wright & Young 2024, no numbers beyond the paper.
val-quaglia-2021	peer-reviewed	Quaglia, Irwin, Emmanouilidis & Pessi (2021), Estimation of the Eclipse Solar Radius by Flash Spectrum Video Analysis, ApJS 256:36	https://iopscience.iop.org/article/10.3847/1538-4365/ac1279	Full PDF read (var/downloads/quaglia2021_flash_spectrum_ApJS.txt). Flash-spectrum video from a site a few hundred metres inside the 2017 southern limit near Vale, Oregon. S = 959.95 +/- 0.05 arcsec. Gives sensitivity of duration and limit distance to solar radius, and compares Irwin's model with Occult and Solar Eclipse Maestro.
val-quaglia-2023-joa	trade	Quaglia, Irwin, Pessi, Kafka & Emmanouilidis (2023), ATSE2023: Using Photodiode Loggers to Estimate the Eclipse Solar Radius, Journal for Occultation Astronomy 2023-4, pp. 16-21	https://www.iota-es.de/JOA/JOA2023_4.pdf	Full PDF read. Three sites less than 200 m inside the 2023 April 20 northern limit. Visual flash-spectrum contacts give 959.90 to 960.02 arcsec. Ambient-light photodiode curves give 960.23 to 960.25 arcsec, which the authors judge unreliable.
val-raponi-2012	peer-reviewed	Raponi, Sigismondi, Guhl, Nugent & Tegtmeier (2012), The Measurement of Solar Diameter and Limb Darkening Function with the Eclipse Observations, Solar Physics 278, 269	https://arxiv.org/abs/1109.3559	Abstract read. Links the bead light curve to the limb darkening function. 2010 January 15 eclipse showed light at least 0.85 arcsec beyond the inflection point.
val-rozelot-2026	preprint	Rozelot & Kosovichev (2026), Sharper Than Ever: Do Modern Observations Pin Down the Solar Radius to Converge on New Standards?, arXiv:2605.23794, accepted Solar Physics	https://arxiv.org/abs/2605.23794	Abstract read. Argues the seismic radius from SOHO and SDO is the best physical determination. Eclipse values were not extracted.
val-sigismondi-2009-atlas	peer-reviewed	Sigismondi, Dunham, Guhl, Nugent et al. (2009), Baily's Beads Atlas in 2005-2008 Eclipses, Solar Physics 258, 191	https://link.springer.com/article/10.1007/s11207-009-9400-3	Known from search summaries only. 598 bead data points from 23 observers at 28 stations over four eclipses.
val-space-edge-report-2024	unsourced	Howell (2024), Solar eclipse sights might vary on the edge of totality: report, Space.com, 2 April 2024	https://www.space.com/solar-eclipse-sights-variable-shadow-edge-report	Full article text read from a saved copy. Journalism on Irwin's map and Young's remark that a larger Sun was noticed in 2017.
val-space-rao-edge-history	unsourced	Rao (2024), Historical incidents of viewing total eclipses near the edge of totality, Space.com, 21 March 2024	https://www.space.com/historic-incidents-of-viewing-eclipse-edge-of-totality	Full article text read from a saved copy. 1925 New York 96th Street edge, 1970 Chatham MA observer 7 km outside the path seeing corona, bead durations near the edge ten times the centreline values.
val-stellarium-changelog	company	Stellarium ChangeLog and v1.0 release notes (2022)	https://github.com/Stellarium/stellarium/blob/master/ChangeLog	ChangeLog downloaded (var/downloads/stellarium_ChangeLog.txt) and the v1.0 release page read. 0.22.0 added the Eclipse Finder, 1.0 added global contact times and KML maps. No accuracy statement.
val-stellarium-code	company	Stellarium source, SolarEclipseComputer.cpp	https://github.com/Stellarium/stellarium/blob/master/src/core/modules/SolarEclipseComputer.cpp	Local copy read (var/downloads/stellarium_SolarEclipseComputer.cpp). Solar radius 959.63 arcsec, k = 0.2725076 and s = 0.272281 with a comment crediting Espenak, contact iteration stops at 0.1 s.
val-stephenson-2016	peer-reviewed	Stephenson, Morrison & Hohenkerk (2016), Measurement of the Earth's rotation: 720 BC to AD 2015, Proc. R. Soc. A 472, 20160404	https://royalsocietypublishing.org/doi/10.1098/rspa.2016.0404	Open-access copy read via PMC (PMC5247521). Record counts, lod trend +1.78 +/- 0.03 ms/cy against tidal +2.3 +/- 0.1 ms/cy, parabola Delta T = -320.0 + 32.5 t^2, timing scatter of 5 to 20 minutes per record class.
val-svs-4517	primary	Wright (2017), 2017 Eclipse Shadow Cones and Umbra Shape, NASA SVS 4517	https://svs.gsfc.nasa.gov/4517/	Full HTML read from a saved copy. Terrain shifts the 2017 umbra south-east by as much as 3 km in the western states. Explains the polygonal umbra and the move from Watts to LRO and Kaguya profiles.
val-svs-4518	primary	Wright (2017), 2017 Total Solar Eclipse Map and Shapefiles, NASA SVS 4518	https://svs.gsfc.nasa.gov/4518/	Full HTML read from a saved copy (var/downloads/svs_4518.txt). Umbra shapes at 1 s intervals with roughly 100 m precision, path at 250 m precision, DE421, LRO and Kaguya topography, SRTM.
val-svs-5123	primary	Wright & Garrison (2023), The 2024 Total Solar Eclipse, NASA SVS 5123	https://svs.gsfc.nasa.gov/5123	Full HTML read from a saved copy. Data sets: SRTM, LRO topography, JPL DE421. Umbra polygons at 1 s intervals.
val-svs-5219	primary	Wright (2023), 2024 Path of Totality, NASA SVS 5219	https://svs.gsfc.nasa.gov/5219	Full HTML read from a saved copy. States that the umbra and path account for Earth elevations and the irregular lunar limb.
val-svs-5366	primary	Wright (2024), Lunar valleys and the shape of the umbra, NASA SVS 5366	https://svs.gsfc.nasa.gov/5366	Full HTML read from a saved copy. Each umbra edge corresponds to one lunar limb valley.
val-timeanddate-sanantonio	company	timeanddate.com (2024), San Antonio solar eclipse 2024 news article	https://www.timeanddate.com/news/astronomy/san-antonio-solar-eclipse-2024	Not read directly (HTTP 403). Numbers taken from a search-engine summary: Espenak's 1987 canon used Delta T = 85.7 s for 2024, actual 69.2 s, difference 16.5 s.
val-tp2001-bulletin	primary	Espenak & Anderson (2001), Total Solar Eclipse of 2001 June 21, NASA TP-2001-209484	https://eclipse.gsfc.nasa.gov/SEpubs/20010621/rp.html	Local text read (var/downloads/TP209484_2001.txt). DE200/LE200, Watts corrections of 0.4 arcsec, graze-zone accuracy +/- 0.3 arcsec, advice to stay 1 km inside the interior limit, Elev Fact terrain factor, consumer GPS +/- 100 m, worked Lusaka limb-correction example.
val-usno-2024	primary	USNO, 2024 April 8 Total Solar Eclipse, Astronomical Applications Department	https://aa.usno.navy.mil/data/Eclipse2024	Read via WebFetch. IAU radii Sun 696,000 km and Moon 1737.4 km, no limb profile, no centre-of-figure correction, contacts found by iterating topocentric positions.
val-usno-deltat-data	primary	USNO, deltat.data (observed Delta T, monthly)	https://maia.usno.navy.mil/ser7/deltat.data	File downloaded (var/downloads/deltat.data). 2017 Aug 1: 68.8373 s. 2024 Apr 1: 69.1983 s.
val-wright-young-2024	peer-reviewed	Wright & Young (2024), A Raster-oriented Method for Creating Eclipse Maps, AJ 168:163	https://iopscience.iop.org/article/10.3847/1538-3881/ad6b23	Full text read from a saved copy (var/downloads/wright2024_aj_clean.txt). Documents the SVS method: DE421, SLDEM2015 and LDEM, limb profile of 18,000 elements, h cot a terrain shift, polygonal umbra, and the 2024 solar-radius controversy.
val-ytliu-deltat	unsourced	Liu, DeltaT: Calculate Delta T using the fitting and extrapolation formulae by Stephenson et al (2016) and Morrison et al (2021), GitHub	https://github.com/ytliu0/DeltaT	README read via WebFetch. Implements the 2016 and 2021 spline fits from -720 to 2025 and cites HMNAO Table-S15.2020.txt. No validation reported.
